Id,TARGET_5Yrs
0,0.4825881388013354
1,0.4599769123118771
2,0.7169159957739513
3,0.7780884869718402
4,0.41573604280322823
5,0.6807534708599684
6,0.364995906086629
7,0.4346421613759598
8,0.5680751570746979
9,0.24005233746617954
10,0.5332762057291804
11,0.7499520533883991
12,0.4071668519763978
13,0.7528523389583461
14,0.8327254421455991
15,0.7334361523166327
16,0.7331555806988888
17,0.5056906816342697
18,0.2600130434932478
19,0.7088809307643426
20,0.9083703472803093
21,0.953408429158246
22,0.6801182147698489
23,0.43058192781715465
24,0.6357913045058922
25,0.7430503667806724
26,0.6078341413497124
27,0.8835219583135575
28,0.6695117422650393
29,0.5611800552819256
30,0.6010505890573331
31,0.4585375435610077
32,0.40757399986364
33,0.3263494675484336
34,0.34888808280314687
35,0.31226356772007774
36,0.3908031349649715
37,0.3039138677722474
38,0.500104984875138
39,0.7889013530136543
40,0.8796477705090711
41,0.5071302491802169
42,0.44144736340132557
43,0.4761171050204143
44,0.512278684704238
45,0.5957642285868898
46,0.4712232996524254
47,0.4466804498212386
48,0.42747100315174213
49,0.38964139914835133
50,0.45128941549351914
51,0.47910350491357423
52,0.7279897606548595
53,0.19991252678222954
54,0.8672685956257091
55,0.47998011523288797
56,0.6635196739012378
57,0.1832312835689051
58,0.6306437035242631
59,0.9032844907961011
60,0.7367464390633085
61,0.5386422139045077
62,0.5315137624281716
63,0.8891186670903021
64,0.5941286316857063
65,0.20257439162964003
66,0.43058935060387254
67,0.3035163794047108
68,0.38709905943073114
69,0.5911743060943934
70,0.7818882471394926
71,0.7276104441897254
72,0.5870449844420936
73,0.35335173296169714
74,0.5336196460207827
75,0.4706642086237325
76,0.4416716384007954
77,0.4536676862337555
78,0.6766360658318177
79,0.8245760564430848
80,0.7589799412135094
81,0.6493861169691102
82,0.6083910322287932
83,0.35113766322804446
84,0.37059388083500794
85,0.15184194175517982
86,0.47744370981696305
87,0.4847665007919184
88,0.32356178556080556
89,0.45614803539787174
90,0.6613211568081773
91,0.2716228244963919
92,0.7321207725201034
93,0.812410042995205
94,0.46953793373214525
95,0.759978768652099
96,0.8114756013623873
97,0.7944764006028698
98,0.2327546576567499
99,0.6890356135269541
100,0.625151093521761
101,0.6572824697429819
102,0.7783002387964872
103,0.5624823319016308
104,0.572426308820575
105,0.6504555685229443
106,0.7549857915807033
107,0.23256665565186896
108,0.6908076214118739
109,0.22573444270129123
110,0.7946650112463314
111,0.49750265657466136
112,0.2636065730026076
113,0.7604737720150968
114,0.6442148770982392
115,0.8653181384115078
116,0.46233620915001383
117,0.3273980720085292
118,0.45853162804990544
119,0.36463356273951414
120,0.7699955958194978
121,0.3343220669317901
122,0.7755135161417666
123,0.6714811844226084
124,0.49436853532409647
125,0.714610508717457
126,0.46393498107137077
127,0.6416518415888877
128,0.6705896625036842
129,0.39906331185763455
130,0.5859628364405031
131,0.7827268580101207
132,0.5004014460146043
133,0.5351011761462973
134,0.5469320466114649
135,0.6208369922470526
136,0.7148921193974385
137,0.777218942569165
138,0.6569165168680643
139,0.4001188827875141
140,0.7139596381363625
141,0.7018187422353167
142,0.4514174705780747
143,0.4265697396680978
144,0.3561037897123061
145,0.5657406897984277
146,0.30588467452302476
147,0.3455782075909143
148,0.740711382105643
149,0.32928153840157715
150,0.6305113451590602
151,0.538443715813215
152,0.42504395093794967
153,0.7352511196609854
154,0.7310726813618167
155,0.7775790178839075
156,0.22988266441419333
157,0.4951841050693933
158,0.8595793292884932
159,0.25957779072352305
160,0.41080702197026286
161,0.7927403937741696
162,0.40486479163263545
163,0.3667287899551111
164,0.5427806969945297
165,0.789504189616561
166,0.8267786486916823
167,0.4006844118907774
168,0.7899744339650726
169,0.8057030996326534
170,0.3229158720834487
171,0.3534012973877931
172,0.7111360677228064
173,0.7629337577003369
174,0.7010435073120871
175,0.7118314118670848
176,0.40288932365674496
177,0.4561573498003782
178,0.42685890714563446
179,0.3407183514291372
180,0.5654754263504365
181,0.9535851192937981
182,0.7537036064185644
183,0.299180815467545
184,0.6855333436291113
185,0.2963767313721974
186,0.1291552653654167
187,0.66231873886148
188,0.7429493182714111
189,0.38425068433591314
190,0.3457308769181036
191,0.4581873030156669
192,0.40888637440749
193,0.6029793526521655
194,0.7118281479046732
195,0.3818834891274186
196,0.8143515018589135
197,0.46611601690010157
198,0.3688175195616619
199,0.41197637478857263
200,0.4024553230726661
201,0.47250655478676024
202,0.23766848167768972
203,0.5344603702870734
204,0.30608602679945873
205,0.20063099138741772
206,0.45590281237246205
207,0.765646493081787
208,0.4427025500859133
209,0.8195277863922202
210,0.5535251389486157
211,0.7381910700851465
212,0.84674403984491
213,0.7075093065881521
214,0.6599116690085227
215,0.7972846209573947
216,0.4236730929010294
217,0.29389839799236206
218,0.4032217898016724
219,0.7288877397182187
220,0.9163696315742004
221,0.5872678644446673
222,0.498871618722753
223,0.2569765115059146
224,0.7141425559570069
225,0.3977661942694427
226,0.6250734993930946
227,0.7174005264115537
228,0.36931426051746674
229,0.4972971307881361
230,0.7054939615296003
231,0.44299819074304586
232,0.4741308592936595
233,0.7483681788954089
234,0.535310806958765
235,0.8917317008725634
236,0.64496431949895
237,0.32923933395307425
238,0.5597109707331678
239,0.8072323097191401
240,0.8985538386396096
241,0.6067310007054646
242,0.6529277747001115
243,0.5741118748194574
244,0.778891065947796
245,0.3782635490072069
246,0.19212125354097123
247,0.4369333594186488
248,0.33760027319096836
249,0.5816815614573201
250,0.22418841403612327
251,0.7002587279175382
252,0.5999951454539584
253,0.8506051535110118
254,0.6374582733210833
255,0.642142762990187
256,0.4394543773127025
257,0.591889007669318
258,0.32357414616806984
259,0.5982498685260103
260,0.7445100820536651
261,0.24002445935745279
262,0.6977469668476926
263,0.3229411573058947
264,0.19091543030494867
265,0.5431472913261004
266,0.6083558947562641
267,0.46019458045781786
268,0.5259900495888549
269,0.5358426040648885
270,0.507254720750237
271,0.41683138533613073
272,0.31569112571836105
273,0.6022870917612271
274,0.5330304094394047
275,0.5598947081536513
276,0.48416636564316784
277,0.7817009649250127
278,0.9118658329911002
279,0.2787994342361384
280,0.5059515401520737
281,0.5738746540810392
282,0.7242628135880217
283,0.7371620255226426
284,0.4987991464350074
285,0.7471847876198873
286,0.35593227504988273
287,0.6813954707219166
288,0.8144237595688378
289,0.8163539620413174
290,0.5549163524646694
291,0.311188612541712
292,0.7061096337265343
293,0.4242637892401267
294,0.491600146042483
295,0.24439011210072714
296,0.5079141911804196
297,0.7779848744018404
298,0.8631754092850101
299,0.5569985486444151
300,0.28593741381068455
301,0.8239858814235755
302,0.4561008408654875
303,0.7875089717585916
304,0.669736339024482
305,0.6050934175256238
306,0.6922877143297438
307,0.26493211768784625
308,0.3417522104384152
309,0.44932010837936
310,0.7037204807527541
311,0.5682000415157834
312,0.37242882570680264
313,0.5067005505029643
314,0.31662909813407275
315,0.6183532279796012
316,0.7976185151879711
317,0.7534688792804476
318,0.381324756198452
319,0.5999380577437691
320,0.4166428141540374
321,0.8207811596755097
322,0.43348267888412495
323,0.5231986349064432
324,0.303852614807424
325,0.6238996097186679
326,0.7614177225491391
327,0.3599227380080712
328,0.6856232938727519
329,0.31246989179823803
330,0.6650610072659008
331,0.5603337779792739
332,0.5500046885745257
333,0.6689264597141381
334,0.5329327918035173
335,0.44888995301075035
336,0.694045023946921
337,0.6769660195270476
338,0.5854357574124377
339,0.40883603202789603
340,0.7676175468519513
341,0.3875909649319484
342,0.6918399551105839
343,0.2528357865173794
344,0.7978905077246972
345,0.6398148112706032
346,0.36059754640737324
347,0.5708548324825065
348,0.3659455019709796
349,0.7063925964927751
350,0.4567255049799315
351,0.3214650468914511
352,0.6239520671374127
353,0.7652929797599426
354,0.7402529076147208
355,0.6261441398916687
356,0.3553965930739167
357,0.44694476573244635
358,0.5562684070161635
359,0.5330385794827528
360,0.48029924920857864
361,0.3824122396528923
362,0.18274819623899158
363,0.7274540540101738
364,0.4919623134434801
365,0.2582226838596661
366,0.5786693475987076
367,0.695289603433496
368,0.3197818390915596
369,0.7346966608476617
370,0.7311438425304234
371,0.47796274502479
372,0.7743437977778665
373,0.6277812599317294
374,0.9501172128438369
375,0.8568730803780759
376,0.6895156780024562
377,0.4084443252332939
378,0.35196445328308923
379,0.12789528374744932
380,0.5734919471937511
381,0.5842399793644433
382,0.5384726620182605
383,0.585259286876908
384,0.40926874472580604
385,0.17626445516177255
386,0.4160936431139334
387,0.7859267846664251
388,0.5484435152738094
389,0.5488919671329541
390,0.6093648046844263
391,0.5169177473281769
392,0.45642423814083183
393,0.7226158340836749
394,0.3165960463418588
395,0.6223717590762649
396,0.34506432183504504
397,0.6586391051355807
398,0.45164694932917104
399,0.788809266874603
400,0.31484508684800583
401,0.7003558919632553
402,0.6890632784981813
403,0.7424102175833274
404,0.5109647732173598
405,0.16834935863366776
406,0.8070482967636377
407,0.5406375743458961
408,0.6641454345942379
409,0.5937292303387103
410,0.673724928477806
411,0.5358866714088252
412,0.6809231798609846
413,0.8219527804778445
414,0.4036383761272027
415,0.8859168369581542
416,0.7241745856678116
417,0.6922614572958672
418,0.47395433161033107
419,0.6956257145937755
420,0.6120647538912516
421,0.5332572109692684
422,0.6212321423332738
423,0.506633173770686
424,0.31833945846838535
425,0.6181791420725037
426,0.3885370791058195
427,0.39021097834341806
428,0.5809295168564486
429,0.5083482011686202
430,0.4459119423111746
431,0.49168374665295345
432,0.5180720188493472
433,0.7731227688370126
434,0.7208867062519878
435,0.8131400095608392
436,0.48395973962113586
437,0.3361929368490958
438,0.6301584673445145
439,0.38410981374449066
440,0.5970213439622043
441,0.8250291012022473
442,0.7754287251479682
443,0.41982011930531526
444,0.24881670455468252
445,0.5302130334276975
446,0.4224681555256672
447,0.35156638570194426
448,0.4221055651023783
449,0.4666342796926879
450,0.7038725922492698
451,0.5233372026301601
452,0.6672474698704881
453,0.5767764990121543
454,0.8554100545194429
455,0.5779041113680616
456,0.6959098184563614
457,0.7624401680505997
458,0.6262395340207524
459,0.29907526910857124
460,0.4220720456819471
461,0.3768451422361957
462,0.4649962921905869
463,0.40404092863044916
464,0.8258993258834005
465,0.5085585655087115
466,0.5281707025440717
467,0.6577482269917401
468,0.6900475336989469
469,0.19333186170645422
470,0.744036357671531
471,0.7811097312204384
472,0.7594400207259685
473,0.7541560291217864
474,0.5084733562353299
475,0.6310503623712181
476,0.6780062952945702
477,0.36463275929780625
478,0.43436276423752396
479,0.9007521481409372
480,0.6286600382933675
481,0.4091653101966178
482,0.6497396322742993
483,0.48708776604416215
484,0.2216789697718857
485,0.43148373866573736
486,0.5050943184252428
487,0.5818722532235674
488,0.4141930674501748
489,0.3987234261425653
490,0.41554847173581266
491,0.6401052257712551
492,0.22189436361541018
493,0.6330271257268647
494,0.6807944505172611
495,0.7459885707014415
496,0.4665604416921234
497,0.5400504947231864
498,0.36895735108873756
499,0.6021319255883278
500,0.5664502454718441
501,0.3883074670779697
502,0.9186259036924973
503,0.3009958189152214
504,0.7061659184760687
505,0.47485533606216024
506,0.37195733310636353
507,0.6331628598985138
508,0.6534259292077258
509,0.43525786852403814
510,0.4555007612192311
511,0.7190258774753334
512,0.29341832350904334
513,0.48232779048223967
514,0.49771530791168006
515,0.7808641847792379
516,0.46582158724224115
517,0.5406230206237501
518,0.49061401149785605
519,0.5367229922427663
520,0.9086282913848476
521,0.505378568794569
522,0.6992001030365312
523,0.28563421689747026
524,0.36298194801676675
525,0.21726512112969973
526,0.6978093006172893
527,0.6862625131531497
528,0.5257370000079906
529,0.581163615918075
530,0.6797704972151802
531,0.7473707460169632
532,0.439874180418016
533,0.5093718829235262
534,0.8307515126251697
535,0.2617112141840181
536,0.4511924452007838
537,0.6305096529423296
538,0.3318574008071997
539,0.5221871061679176
540,0.48705435766194843
541,0.4342963931934736
542,0.6727499685393374
543,0.5896798172140567
544,0.49358348977762095
545,0.7346760383365111
546,0.7817723730793152
547,0.42348690648613774
548,0.32805696562768405
549,0.35045262379351216
550,0.4941217075294199
551,0.7279805865894554
552,0.31469498859220313
553,0.4465835800932587
554,0.3536261097710432
555,0.5645720831555651
556,0.5465728813749415
557,0.3293087523708803
558,0.5815797376239177
559,0.4390588052462883
560,0.4581320619345373
561,0.6875191127777265
562,0.8466683041299606
563,0.37204711244009564
564,0.2474464353010421
565,0.453335379596368
566,0.5473858765583229
567,0.40826092257960883
568,0.5964033237818509
569,0.5524540861929963
570,0.6280733831409532
571,0.7249254321795523
572,0.5676055561737674
573,0.5732778422453865
574,0.703746255212925
575,0.4590416705945075
576,0.23372452731540272
577,0.6750689787529465
578,0.6890321043182472
579,0.7249269152121713
580,0.5060784647832146
581,0.6238981669093014
582,0.47879225357581984
583,0.24566996592146656
584,0.41323060590512467
585,0.5322989273563061
586,0.3355921557040251
587,0.9465998400427219
588,0.8602169322494533
589,0.5919296263608305
590,0.8214154166554145
591,0.548090634677483
592,0.7752339299640029
593,0.6185184395710522
594,0.3259962749220045
595,0.3736552415269418
596,0.8036740997253335
597,0.4991826141802825
598,0.48560182917044475
599,0.3466294161958097
600,0.7936077893086709
601,0.5027801008117121
602,0.8099753889472949
603,0.6250137809054709
604,0.6795738621231298
605,0.33089759198955115
606,0.7069541964416771
607,0.5912358950635705
608,0.4238530975124649
609,0.720444563379985
610,0.4952314361172164
611,0.5873192765937508
612,0.45812677432881543
613,0.8370548362621967
614,0.48982653006871485
615,0.5529896862697875
616,0.6516312603585382
617,0.6197113371779518
618,0.3698134719684495
619,0.5231014774681074
620,0.8598087623857069
621,0.6785309270870173
622,0.6674459917296911
623,0.5616583377490647
624,0.8238113566102319
625,0.5527144259225448
626,0.7040375038799211
627,0.7068984964111089
628,0.6859548527690573
629,0.8622477665004317
630,0.6446047100136317
631,0.7868618772373732
632,0.6018459453390624
633,0.28839213950975967
634,0.6641549416345178
635,0.4758863430916522
636,0.6341841122571031
637,0.42888879812246555
638,0.3728792160918412
639,0.7597349285136997
640,0.8922940111205798
641,0.6007425926311141
642,0.49648194870740114
643,0.6898104467487045
644,0.4790213235606247
645,0.5726016877024959
646,0.43088456685400994
647,0.35077217546865314
648,0.5765930965074015
649,0.7492522752806058
650,0.44510058756862386
651,0.512022353819595
652,0.38418104431302164
653,0.6359407092831472
654,0.5039403941678552
655,0.43686491042886244
656,0.11496781576660071
657,0.5840788050689535
658,0.5068938032440133
659,0.7411466056568902
660,0.6107635257891768
661,0.41499838048325177
662,0.3579160432478147
663,0.7614287779574619
664,0.48916370646819235
665,0.47169590673364553
666,0.6362223539256315
667,0.516214481639223
668,0.5423350779481659
669,0.2810084154782078
670,0.7835949486727061
671,0.48207981115211124
672,0.5154558100757203
673,0.6040102616563353
674,0.3199199608297654
675,0.5933112283734985
676,0.5971990973853922
677,0.20162359093511953
678,0.5637139224901071
679,0.24121332658045297
680,0.5271437574382403
681,0.8576324898696096
682,0.36321928750740123
683,0.5599289786447971
684,0.8665988590783658
685,0.47443859834993557
686,0.34185106336542304
687,0.7179389377964719
688,0.5769454503100193
689,0.18414467451744967
690,0.41774003791620895
691,0.20009340036240347
692,0.8532335532066693
693,0.6732215942911788
694,0.7984083468651261
695,0.5883860704563265
696,0.4782486845404696
697,0.473044578038822
698,0.6993114844841766
699,0.47127360804089463
700,0.7064663806641873
701,0.42631016740136035
702,0.6265352241505393
703,0.3972550756062223
704,0.41718683075162294
705,0.3379161040019861
706,0.6518469206105882
707,0.6244722342547985
708,0.20388224275211914
709,0.34707812443204
710,0.6054802293816581
711,0.6366809955512653
712,0.8123002687119368
713,0.6290038591569442
714,0.5737823539337056
715,0.6669689210366443
716,0.8580419426372932
717,0.5726479334916175
718,0.7976868835399948
719,0.2444941906581008
720,0.6618827477166971
721,0.8468671189477364
722,0.5597100994272665
723,0.525601696253714
724,0.5376729225353079
725,0.37123174641990825
726,0.7776752562273039
727,0.3898157142417852
728,0.8462187840283162
729,0.413786383071141
730,0.6409145503370303
731,0.46065604216168127
732,0.3064452238810337
733,0.3057468111704691
734,0.47639437782555866
735,0.4051804874921191
736,0.5217025935939033
737,0.6846503826085732
738,0.5637223171761075
739,0.5191169227925495
740,0.5493731380503497
741,0.5064410764244699
742,0.8054057418669415
743,0.624223788211082
744,0.46655540436057746
745,0.7960824760165287
746,0.6232714002076256
747,0.5253741269591007
748,0.5308353912404442
749,0.3754562003774502
750,0.4641649102118123
751,0.3419737876678614
752,0.5135718654747411
753,0.6491474626729025
754,0.2673707594986235
755,0.5367594241014767
756,0.8947706827692834
757,0.42222401393424214
758,0.44877014870497733
759,0.6213639978947488
760,0.2667763715899018
761,0.28838398439926655
762,0.2838059112679339
763,0.7689243081874034
764,0.6595417771057674
765,0.6394474997257846
766,0.4112778864448581
767,0.7970450544230737
768,0.38374742383708055
769,0.7835832799088889
770,0.785961742109847
771,0.698575920977897
772,0.8802258441012385
773,0.3161238682542555
774,0.2879784133557199
775,0.8300788223342364
776,0.8609663514786079
777,0.6053185165335903
778,0.25625387765905994
779,0.4772871676252846
780,0.6805989901880775
781,0.7378074510315119
782,0.8131455269106597
783,0.7629001638977272
784,0.5767003057821353
785,0.7336356224540391
786,0.5683461041791319
787,0.7733772014194013
788,0.4654257424177877
789,0.7304584939290113
790,0.7168278670500542
791,0.5494912210972563
792,0.4309595016332862
793,0.6832461731779326
794,0.5949367241862408
795,0.27723919697761656
796,0.22723094185136136
797,0.5537309284018617
798,0.4536857262905966
799,0.7189896520536634
800,0.5347119479965631
801,0.44255910422467726
802,0.6205761310951494
803,0.5113341847332269
804,0.4531616277947088
805,0.6597626155333332
806,0.5161003058652396
807,0.8243341542165178
808,0.6754500651950526
809,0.46191600060878013
810,0.7056767375156427
811,0.4999311676926646
812,0.8636950543845981
813,0.5631826030110244
814,0.6481015195277542
815,0.5629933973396268
816,0.48223035612895365
817,0.573070080243996
818,0.6202379940210715
819,0.4994226736457519
820,0.592264192211
821,0.6777990525325626
822,0.2502236877733592
823,0.3520175354184135
824,0.19759553936838195
825,0.3747972419876951
826,0.6827755963981791
827,0.2563055738168667
828,0.5651296964078425
829,0.6133616849853644
830,0.6083117194769504
831,0.49300333192850315
832,0.3925289853998964
833,0.7612130875301673
834,0.38203899166370603
835,0.7561807072948997
836,0.1699970041884328
837,0.6650550295958576
838,0.23183706647685945
839,0.612858989400772
840,0.7946555414219537
841,0.6463641180200338
842,0.4828071228438775
843,0.35267829696226133
844,0.5258815300195383
845,0.4569855397988888
846,0.7433135697697576
847,0.41323051539719047
848,0.3162295770105492
849,0.5523333818406928
850,0.5622281840688915
851,0.564781870867219
852,0.5163389022284468
853,0.5569278897071315
854,0.506482464290644
855,0.44745404603691447
856,0.6481504704636531
857,0.46621101737887005
858,0.6494544620846757
859,0.823303357627107
860,0.6426407791047428
861,0.6427099368213566
862,0.4467920959716137
863,0.4761512023014817
864,0.7671707057506418
865,0.3697061508886872
866,0.4920687629626228
867,0.40713252201264993
868,0.38080326376732526
869,0.8260642771094272
870,0.36160724652708814
871,0.7083953548818424
872,0.6079891296883415
873,0.4819121398407705
874,0.27495470761275165
875,0.4772717177154254
876,0.5700350709952138
877,0.5636551311981762
878,0.5438042932882494
879,0.4517942937804615
880,0.3741667479433732
881,0.16813705887941338
882,0.5108277884423901
883,0.5024596666909116
884,0.7158889015828791
885,0.748073896653512
886,0.3974140320100917
887,0.7330797754991618
888,0.7782319701655588
889,0.39547317074563715
890,0.5482043139872806
891,0.5920962174282529
892,0.5446455590597663
893,0.763446390518435
894,0.3209785911938916
895,0.6596506937090367
896,0.5169831936727167
897,0.5365385477605505
898,0.5451851224779948
899,0.3916274694697911
900,0.40449705768376665
901,0.5387517589522008
902,0.4837644158549415
903,0.4175420000490966
904,0.4337614404521779
905,0.6301757804370471
906,0.6619081793161614
907,0.37923846371542763
908,0.4356938989466291
909,0.259224391130437
910,0.34266341871707096
911,0.7990400546205891
912,0.3704757720334948
913,0.39274324195458615
914,0.6534406739873552
915,0.3734809949106655
916,0.48806573411334975
917,0.4324868347854967
918,0.7722911970839295
919,0.3516318854944964
920,0.36143186124778054
921,0.47114048400202724
922,0.8719551740567715
923,0.3130520036860302
924,0.36852121815727457
925,0.4660733910999931
926,0.4767679540669607
927,0.16623073638338745
928,0.38423491438672663
929,0.5849497031856028
930,0.3814087795213843
931,0.690123445369217
932,0.5297713746115418
933,0.5423165255350818
934,0.6545960678500705
935,0.5813621296415258
936,0.5103788481703193
937,0.265379387133941
938,0.6529148448890835
939,0.6086896899920397
940,0.5702715180807612
941,0.613000601890846
942,0.4153757655637682
943,0.6244456885705622
944,0.3643572849923045
945,0.6536370746622939
946,0.8578380705909487
947,0.46583493000389176
948,0.5515961420798331
949,0.43739458126890624
950,0.5928253698343021
951,0.6444017464411181
952,0.7719927922559763
953,0.35263987530688595
954,0.5323272340973612
955,0.6597124836810545
956,0.7309699325862982
957,0.5183490377268164
958,0.5173081332674818
959,0.6460313399740625
960,0.5870331054923374
961,0.4793333298808492
962,0.43802478469816136
963,0.48734479391035096
964,0.18507286055106315
965,0.8975724988548811
966,0.5118829239787015
967,0.6056230584320079
968,0.7082340522566775
969,0.5172190197362428
970,0.7692993945869746
971,0.7070572995821669
972,0.31257470120632624
973,0.5988099572225098
974,0.489693232295418
975,0.4060210333006012
976,0.37358040052418984
977,0.7394226677399348
978,0.18055838587665565
979,0.8366252016835075
980,0.7100931981195991
981,0.43762060439592904
982,0.24214194657417687
983,0.6221075172289238
984,0.68990610237358
985,0.5978837008935368
986,0.5790774992497079
987,0.7116852262560306
988,0.5307708842250656
989,0.8686963794372535
990,0.5523731888258097
991,0.8006321942032352
992,0.47523186412770874
993,0.6481431061559183
994,0.856245114668985
995,0.834882356634091
996,0.6221297860774153
997,0.2632741407713427
998,0.2170499950772119
999,0.6604997541123028
1000,0.311094082821915
1001,0.587247472873979
1002,0.469484754330267
1003,0.272157913063824
1004,0.3634485748525699
1005,0.5722072725754306
1006,0.7278857411027333
1007,0.5630286677060097
1008,0.6729559967644941
1009,0.5831495455504515
1010,0.6032005741773039
1011,0.6165615455745171
1012,0.27274769408307553
1013,0.7713564593117955
1014,0.6324155475469708
1015,0.2182620952411066
1016,0.35219716638770165
1017,0.4623100140317178
1018,0.8034962980201744
1019,0.6497293010089892
1020,0.6990530693558942
1021,0.6230877500879485
1022,0.5754141947024288
1023,0.3614631523149007
1024,0.2585795598006313
1025,0.2915441086861416
1026,0.4611126413512935
1027,0.34645563209783686
1028,0.5407887709454765
1029,0.6023295899291228
1030,0.31278002985376163
1031,0.3278037889531159
1032,0.6741590559257055
1033,0.4107684400267981
1034,0.46749080416533034
1035,0.3846918639413172
1036,0.7088606257051207
1037,0.27537066333980736
1038,0.8555689091528217
1039,0.4329156604425746
1040,0.7186088497582404
1041,0.7348631897276988
1042,0.5330920732539898
1043,0.724983466715678
1044,0.4680125667288894
1045,0.8159295441922234
1046,0.6025310815504116
1047,0.6571318680540975
1048,0.4304626496188207
1049,0.7552751595941221
1050,0.6578609897401788
1051,0.5481146552600106
1052,0.6421426784377159
1053,0.5331554583379514
1054,0.7007088154356629
1055,0.17172366955314716
1056,0.5134144685277319
1057,0.5298709145290985
1058,0.5626779106885951
1059,0.5097018222623264
1060,0.8258606237868839
1061,0.5242932454003132
1062,0.2944775157477039
1063,0.3795807515395349
1064,0.7307321268503539
1065,0.2764914975233672
1066,0.6754925559886418
1067,0.3933817835261632
1068,0.8631503512495663
1069,0.7702561638705375
1070,0.8994020837757888
1071,0.3775603115211836
1072,0.6049500729903331
1073,0.7765540150889216
1074,0.721133568332324
1075,0.6083539345798317
1076,0.3406415390239745
1077,0.4401229856356672
1078,0.6332164232054114
1079,0.5244002040645306
1080,0.8260984434851384
1081,0.8201717291710352
1082,0.6971138148634177
1083,0.4064348178275149
1084,0.9108912114100759
1085,0.45021277830286016
1086,0.29103385971118706
1087,0.5107673056175144
1088,0.542545943497996
1089,0.5335085926706576
1090,0.5069523910677729
1091,0.22371324976852766
1092,0.6345512320014853
1093,0.5432637015009956
1094,0.24854551780089332
1095,0.29478668567616023
1096,0.346884352706785
1097,0.7361783894279785
1098,0.7195378812204568
1099,0.49032914721808235
1100,0.40260194040926556
1101,0.7924428749340745
1102,0.36312767327758194
1103,0.2364648719786252
1104,0.43651919606958584
1105,0.5843931661248397
1106,0.6560976674577546
1107,0.5537373423433539
1108,0.7261151492798126
1109,0.4553368768851964
1110,0.42042712515217295
1111,0.5268233146578419
1112,0.8699928988518942
1113,0.5487241775506556
1114,0.2738794790678378
1115,0.4397233657620566
1116,0.4156165798821637
1117,0.8704913585899022
1118,0.4460161962949218
1119,0.7054877539658093
1120,0.36610299852338224
1121,0.6392146437979512
1122,0.3082417337952376
1123,0.5039977275489462
1124,0.5941622561826444
1125,0.6430271135217263
1126,0.6261561733446026
1127,0.4195554449755816
1128,0.5808532845122883
1129,0.7952261705063702
1130,0.1596527761649188
1131,0.6810867578445995
1132,0.7862984109832912
1133,0.5573383448443768
1134,0.6159127734087307
1135,0.33972200895865073
1136,0.5205819855737873
1137,0.5140592377635785
1138,0.4647303299590503
1139,0.6884198639435304
1140,0.6074702881358559
1141,0.32355496122398125
1142,0.549719238394794
1143,0.47594876324752017
1144,0.5872319947794493
1145,0.5133586572007922
1146,0.6547209348087244
1147,0.4137093862780368
1148,0.32967957546129983
1149,0.7932207615665505
1150,0.6768403295370289
1151,0.4930145008195677
1152,0.5699727016034033
1153,0.34435036826088916
1154,0.6443689947397928
1155,0.2061422770254943
1156,0.5718648550065528
1157,0.5653254973157026
1158,0.680690929311794
1159,0.6041439868451439
1160,0.673816765753109
1161,0.6159718537092876
1162,0.4990007276891235
1163,0.43528639340175024
1164,0.598534253259863
1165,0.5409682961113639
1166,0.615084928635375
1167,0.520941938927768
1168,0.2794901885271775
1169,0.7326534428252811
1170,0.5551773290995219
1171,0.43692366560010915
1172,0.33804292083357457
1173,0.5693322360755223
1174,0.4230446977252553
1175,0.4165476194138466
1176,0.45221055025893675
1177,0.6755429208316386
1178,0.5240147238370959
1179,0.6125955313115911
1180,0.45832035235827495
1181,0.7615041116984451
1182,0.347267339667177
1183,0.4702828119688851
1184,0.47649448330474176
1185,0.432593881228069
1186,0.41147002388926546
1187,0.6556689449100384
1188,0.6745491823900837
1189,0.5589021463884333
1190,0.3865519065376724
1191,0.6484749920213633
1192,0.4593147268940363
1193,0.44892561934279746
1194,0.7840832328660787
1195,0.803532457597773
1196,0.490167002292788
1197,0.7194555671006692
1198,0.8222205446071866
1199,0.7465517918659645
1200,0.39039654736772456
1201,0.539882025637385
1202,0.2788210213892078
1203,0.34557947517023546
1204,0.8011091305636567
1205,0.3376930143635395
1206,0.6551952380865694
1207,0.6765868315588718
1208,0.3271656926181026
1209,0.5833521105741292
1210,0.7134612752000327
1211,0.388047501333858
1212,0.5446339790204213
1213,0.527060809410812
1214,0.6466650551548293
1215,0.6903164483623483
1216,0.6461453174829388
1217,0.45723848513628484
1218,0.6336706300401453
1219,0.24854661641457637
1220,0.5631045722989507
1221,0.27107421098683754
1222,0.6146355942056854
1223,0.6640164412866348
1224,0.39543471204027114
1225,0.40414506665119837
1226,0.5164388406859864
1227,0.5536494621386222
1228,0.3844959788872014
1229,0.35196096993384235
1230,0.6787237201148132
1231,0.34033166836731477
1232,0.2506583842112702
1233,0.3480612836192425
1234,0.6265148289681891
1235,0.5024259103308325
1236,0.38685541120346206
1237,0.4129109679159159
1238,0.6834348936645884
1239,0.6253232658196518
1240,0.3045864833335486
1241,0.7895696612699137
1242,0.6411096358870059
1243,0.6347253674344066
1244,0.577317876823165
1245,0.6493394029984235
1246,0.20787352893323738
1247,0.4459980615486848
1248,0.33075114796405647
1249,0.3710275387472641
1250,0.1436353203329149
1251,0.22023479070714816
1252,0.45420628922796236
1253,0.5517893502833116
1254,0.4252547846115475
1255,0.44932431778011417
1256,0.6068667736396173
1257,0.7646978667614641
1258,0.7157114147642238
1259,0.8303258229116497
1260,0.6058592167113804
1261,0.666285433012419
1262,0.671266781242251
1263,0.5968886231606523
1264,0.473356246161466
1265,0.4385729778078164
1266,0.39450244446641747
1267,0.7506366031339077
1268,0.933849314840644
1269,0.4372482759226617
1270,0.7966963133488993
1271,0.2298026746995557
1272,0.6617270501336774
1273,0.4263437757418248
1274,0.5282391065276837
1275,0.4126137807749946
1276,0.7446767650340527
1277,0.3462748248488094
1278,0.7501372302755267
1279,0.5658730975076692
1280,0.7043809448430477
1281,0.20987902812682513
1282,0.5303535471298287
1283,0.602611462060192
1284,0.29665154452614134
1285,0.8163264298622626
1286,0.49487743011864477
1287,0.7305867533865218
1288,0.421480117772319
1289,0.645689750265496
1290,0.6887078273738165
1291,0.6568634417479171
1292,0.7298832659485797
1293,0.5527160506554359
1294,0.6019554846562447
1295,0.6228991506441006
1296,0.5363678258937971
1297,0.7576804088940693
1298,0.5622342762174665
1299,0.47972923008844437
1300,0.5120443398977432
1301,0.4062339632380076
1302,0.6417517235679528
1303,0.6210666977808553
1304,0.3392911891865911
1305,0.8269511206864664
1306,0.14628809230151357
1307,0.6028667208157259
1308,0.2254728098769475
1309,0.5878985040144223
1310,0.6128929680097173
1311,0.7959587344858483
1312,0.5995210016788612
1313,0.7053529946676048
1314,0.5994438231885556
1315,0.3226551059194933
1316,0.7423767945634772
1317,0.651417989809999
1318,0.5058254639584668
1319,0.24100330915167922
1320,0.48831730898207165
1321,0.36082775702747766
1322,0.5933321258649212
1323,0.7147621319368523
1324,0.9223541241735945
1325,0.8213148673723558
1326,0.8065152046746731
1327,0.6646854475588392
1328,0.43348488324071993
1329,0.38710524375711913
1330,0.6997929141911469
1331,0.7958714471380227
1332,0.5105457486056794
1333,0.5885623139827929
1334,0.7770196672346821
1335,0.6078518765461483
1336,0.42500915245166965
1337,0.7540055783615479
1338,0.597639297344579
1339,0.4898061157892349
1340,0.6565666073666898
1341,0.4798371645017342
1342,0.4888963576322262
1343,0.4743936968471531
1344,0.2167678334696957
1345,0.18485066108027556
1346,0.7812891657073242
1347,0.9706262081534619
1348,0.4374249846070577
1349,0.5712235036725766
1350,0.8114826847614116
1351,0.653764632806273
1352,0.6478597161732117
1353,0.662532474517484
1354,0.4015067845680385
1355,0.4846896923268051
1356,0.6040902944107951
1357,0.6593999690481401
1358,0.42448842337273873
1359,0.6062657291131733
1360,0.6533735389884844
1361,0.27293828981733076
1362,0.6619697935594895
1363,0.6285909764052681
1364,0.5350727812216275
1365,0.6428512713598699
1366,0.5595845473534193
1367,0.4875612142609044
1368,0.32922730989843607
1369,0.7447123618521152
1370,0.3419586619271753
1371,0.47062275374405654
1372,0.4318229884464996
1373,0.5573928787486777
1374,0.4669148720325621
1375,0.4664353540713545
1376,0.8092388742296495
1377,0.24825268121104477
1378,0.44268967562588923
1379,0.3832873236373457
1380,0.4838080101412735
1381,0.3185678165157317
1382,0.39672144836386075
1383,0.6266042512832024
1384,0.34510802210015507
1385,0.32471037314372403
1386,0.5119213179751118
1387,0.7117128819587466
1388,0.4918682288047864
1389,0.40891943528123764
1390,0.33633990450660645
1391,0.6361247777275475
1392,0.5398833283469519
1393,0.2538455771124669
1394,0.6916059281349536
1395,0.6432580894035705
1396,0.865015866380444
1397,0.7756702712558309
1398,0.5881086160907576
1399,0.4742279461757978
1400,0.45319126397364606
1401,0.567189550713578
1402,0.6304691083762187
1403,0.7612760234201039
1404,0.6814176367905376
1405,0.361646839483829
1406,0.4286439101790016
1407,0.15268930243793072
1408,0.26589745061976755
1409,0.2161988217553049
1410,0.6980600532612736
1411,0.8137904442203807
1412,0.5786228564272907
1413,0.7310102185460888
1414,0.513837983053106
1415,0.8129973372730026
1416,0.6822659208523382
1417,0.1976009756091845
1418,0.515840336423326
1419,0.7501437780264387
1420,0.40782308524435085
1421,0.6675159022054058
1422,0.807615321277577
1423,0.29954740877193853
1424,0.5915162584667711
1425,0.6338409941890379
1426,0.4878581682614199
1427,0.5832594789480435
1428,0.284163247605033
1429,0.6083516568059211
1430,0.3809426740969026
1431,0.6724533034675585
1432,0.40282671365500483
1433,0.23812282760196654
1434,0.5153966087525248
1435,0.5856986273130501
1436,0.688190441949674
1437,0.33099816392109177
1438,0.757274219698256
1439,0.565457580523289
1440,0.7409076149914965
1441,0.39351628083703255
1442,0.6594711798239402
1443,0.24140467711673255
1444,0.5238254240460862
1445,0.6065933422503916
1446,0.4632500848939153
1447,0.4613036716870237
1448,0.7171885881467709
1449,0.28275244579648295
1450,0.33038580685280616
1451,0.5940663553708616
1452,0.21049722292508324
1453,0.6151560669329497
1454,0.6841276969206468
1455,0.6389045640585671
1456,0.6793520538671034
1457,0.4229171703639319
1458,0.7274744500045319
1459,0.6160487539114229
1460,0.4759597920639226
1461,0.5155651968613139
1462,0.4354985485419327
1463,0.43732636985831946
1464,0.38406176953002324
1465,0.42928010973760194
1466,0.3824890297332759
1467,0.8359108920351254
1468,0.23493770680149728
1469,0.6397879785729338
1470,0.23360550942879607
1471,0.31697294299084355
1472,0.920008731948135
1473,0.3495848749700115
1474,0.36078693443430654
1475,0.7390979524622492
1476,0.4517785284728908
1477,0.2341318142801784
1478,0.6958106846274802
1479,0.29221993437069377
1480,0.3825156478209668
1481,0.29113790176241183
1482,0.19249780764225846
1483,0.39542638351172177
1484,0.4386446398160143
1485,0.7235627774737758
1486,0.5057758314119367
1487,0.8974148869303104
1488,0.6401819183750621
1489,0.6859314505984817
1490,0.882485330336141
1491,0.6580870506625711
1492,0.5646561360780574
1493,0.47660186288052225
1494,0.7937026225359635
1495,0.716683487238669
1496,0.711306401377797
1497,0.3300073555882374
1498,0.5376781096845419
1499,0.8117780317305548
1500,0.5336029313004305
1501,0.7036835191012781
1502,0.5612661921738908
1503,0.29818011571220826
1504,0.5344731608202415
1505,0.4423816540561305
1506,0.4820073902470875
1507,0.2386627383077466
1508,0.6026956625638119
1509,0.6898858202036616
1510,0.6926587653004311
1511,0.7059470107037509
1512,0.7815196845518061
1513,0.6162652071147462
1514,0.4170194733655667
1515,0.5804421498702123
1516,0.8019393007081053
1517,0.5615454237285755
1518,0.852582800326554
1519,0.46535577405544004
1520,0.786323491025419
1521,0.40395518824633153
1522,0.45194728132194417
1523,0.5658725481096334
1524,0.3951516711123093
1525,0.5386857320458547
1526,0.6431469884962288
1527,0.6319282696129328
1528,0.42032082988333874
1529,0.6687996441516035
1530,0.44493550896746403
1531,0.5979696018742021
1532,0.36067008775952936
1533,0.46740146158797446
1534,0.30604711820719116
1535,0.81281439070092
1536,0.30985608150536204
1537,0.43794898343486016
1538,0.3265594075638869
1539,0.3989751538861435
1540,0.8259976877110287
1541,0.4996879389278654
1542,0.7219609882866875
1543,0.5575151685794956
1544,0.3664286327996973
1545,0.7430605876788949
1546,0.6280975591857877
1547,0.7128400545718919
1548,0.7824375193734163
1549,0.702357392771643
1550,0.7019506755710777
1551,0.7079953598462351
1552,0.4908435771274913
1553,0.27605945723208253
1554,0.7535227342941324
1555,0.6339762935406502
1556,0.6535904597339985
1557,0.6148871857507412
1558,0.2771679345664762
1559,0.748168545615846
1560,0.2538105855749356
1561,0.4940915479180481
1562,0.21370804335474927
1563,0.35212039580337895
1564,0.7986545771678145
1565,0.4060593344904948
1566,0.484344926927302
1567,0.5392479480862054
1568,0.578035835781021
1569,0.6951028299526532
1570,0.5406562099133804
1571,0.44419971648633927
1572,0.6521553558422538
1573,0.6647018475132631
1574,0.3798744162111375
1575,0.711710157567722
1576,0.3936849997099776
1577,0.595392370609397
1578,0.8095649683986299
1579,0.654318360053556
1580,0.5685357020419743
1581,0.42374848975367846
1582,0.462756173540769
1583,0.7197998312087919
1584,0.7242172970518183
1585,0.40131272956904196
1586,0.8750108447374947
1587,0.46397949577912473
1588,0.6810716901752308
1589,0.3444209679897338
1590,0.4527248786195714
1591,0.6960696424057833
1592,0.6018854540742907
1593,0.566608928464511
1594,0.49464637508142867
1595,0.6319034096614385
1596,0.34586050385285116
1597,0.671207917050158
1598,0.7306760646480392
1599,0.5466259485807455
1600,0.8272599788132857
1601,0.29372480817072283
1602,0.6212942731546404
1603,0.4118414171572097
1604,0.5869504773074862
1605,0.8734659070064572
1606,0.5349524530529755
1607,0.6133044714402367
1608,0.7836437064805276
1609,0.5160460480268538
1610,0.46023269629914876
1611,0.5842063059509699
1612,0.5318181057967376
1613,0.4392436278542707
1614,0.4440546502463021
1615,0.6663319106700487
1616,0.7415661300067861
1617,0.6304381364285101
1618,0.5776102029191084
1619,0.8121526431866197
1620,0.4367056347739179
1621,0.6631608884092304
1622,0.3051004262441816
1623,0.7418276755168941
1624,0.3269727535517307
1625,0.5184939946829538
1626,0.770489549413754
1627,0.6038995263547718
1628,0.6851177672306836
1629,0.5207064662988901
1630,0.6517429739614965
1631,0.5495640707796351
1632,0.5666879822919072
1633,0.5840761422050896
1634,0.6815121242395716
1635,0.19083732902383396
1636,0.3218337130826474
1637,0.30240723021580296
1638,0.6295582277299953
1639,0.609456858683234
1640,0.27945978960687756
1641,0.3987251387136363
1642,0.8587720360996631
1643,0.4297312971627555
1644,0.20662917551890425
1645,0.790827982586389
1646,0.3832664615159106
1647,0.3753461392005383
1648,0.5453131592707099
1649,0.3853872289876959
1650,0.5519406254395756
1651,0.8045943706315384
1652,0.6854748625027901
1653,0.5900820555058888
1654,0.7000522721723043
1655,0.2623724863783753
1656,0.4100656075447175
1657,0.5402266169851924
1658,0.6339646455881932
1659,0.2796731053677736
1660,0.6708536069084626
1661,0.6426530032159482
1662,0.7422988683101541
1663,0.44835609157404865
1664,0.2620597435257283
1665,0.32467351992935695
1666,0.7282744192061964
1667,0.8552779056496073
1668,0.35796600099057596
1669,0.7181218907155484
1670,0.44642127655482117
1671,0.4670007692417482
1672,0.6287605816890164
1673,0.3152347287051989
1674,0.5076723279865097
1675,0.5659258375737029
1676,0.6979606675864709
1677,0.6905091300671987
1678,0.4937891586710977
1679,0.77809114011611
1680,0.8156221214880968
1681,0.4516800915701253
1682,0.42662592932110227
1683,0.289735587363676
1684,0.7652691718098823
1685,0.2734733529165929
1686,0.47898371510844695
1687,0.28851905785939597
1688,0.4998611911780381
1689,0.610119249621332
1690,0.2343314058983441
1691,0.7752955184792971
1692,0.8152442621803924
1693,0.3239537951284589
1694,0.667038028242302
1695,0.7990000104500218
1696,0.4381106667518131
1697,0.3727896524346277
1698,0.46090367207767785
1699,0.31623103761516175
1700,0.5005326019962902
1701,0.28251091266113965
1702,0.7189314579452207
1703,0.4092323095854874
1704,0.4917001356917397
1705,0.2640813702379864
1706,0.19159845902679973
1707,0.8316347836972582
1708,0.30288173443389554
1709,0.6560042309299808
1710,0.5751463403602305
1711,0.5409060148902931
1712,0.2643456353717777
1713,0.621580148413437
1714,0.5260518395576681
1715,0.5673385036923686
1716,0.7887631998299377
1717,0.7670805731840011
1718,0.6319259995711439
1719,0.35159321730495185
1720,0.5714755304446759
1721,0.7859512167962852
1722,0.33216252453917466
1723,0.38980730706730365
1724,0.2909986621892326
1725,0.3590878290681248
1726,0.517964223430106
1727,0.3041664340033748
1728,0.8676387717615204
1729,0.691681182589097
1730,0.5879685290571818
1731,0.564212466684521
1732,0.33109882528537515
1733,0.51262018322604
1734,0.7255392608042994
1735,0.4479668176797714
1736,0.37627188940491063
1737,0.6138867220834674
1738,0.34365669992496933
1739,0.6048706635677227
1740,0.6080070630974445
1741,0.1927233374240639
1742,0.5210547617365607
1743,0.5866395605821884
1744,0.7404566259515816
1745,0.6973022874498255
1746,0.7559238278459054
1747,0.614102792000945
1748,0.8152240683584292
1749,0.5546246352974625
1750,0.693879009194621
1751,0.23689593585355312
1752,0.3659509012240851
1753,0.8367745823255346
1754,0.35946783051974485
1755,0.39266398203353814
1756,0.5659703597941502
1757,0.5979973271372689
1758,0.46728211860255636
1759,0.4794727086063831
1760,0.4636131780925787
1761,0.8327224419320551
1762,0.5811970959465584
1763,0.7172960701384321
1764,0.8913910136501949
1765,0.43327732690798354
1766,0.7391321354501009
1767,0.4008959404377237
1768,0.8494239760836488
1769,0.591843973967038
1770,0.3892120459223711
1771,0.44790942732213773
1772,0.9361028797315272
1773,0.6717270408832876
1774,0.27196495751083466
1775,0.19622302158208432
1776,0.7947607920978786
1777,0.35328608391279936
1778,0.9281799808140307
1779,0.6676016729967
1780,0.5322297602017361
1781,0.7777187788384518
1782,0.6297065676630286
1783,0.4489417052576566
1784,0.8136901987497709
1785,0.46295440847041897
1786,0.5688611137826731
1787,0.5053688363982946
1788,0.7204598614129641
1789,0.5804002943596558
1790,0.3263825252236323
1791,0.4778781742244967
1792,0.6031875045652124
1793,0.5500143136054603
1794,0.61220037832136
1795,0.6222997950391514
1796,0.7122562337773568
1797,0.49342610345990406
1798,0.5780899490142397
1799,0.6749631639621505
1800,0.8848271681979036
1801,0.8822780599856609
1802,0.7637019422363922
1803,0.7828609082230749
1804,0.6166454779564199
1805,0.7099039117201887
1806,0.320661438985077
1807,0.6922614673659646
1808,0.3431899493038191
1809,0.3205704329143072
1810,0.5027800732709172
1811,0.4458937664096765
1812,0.8473188447847657
1813,0.44817637587173126
1814,0.5334881472563355
1815,0.5072316329347119
1816,0.6918510381952792
1817,0.5381426132672624
1818,0.7065131319249799
1819,0.6581790559677044
1820,0.8558425466109953
1821,0.361050627786537
1822,0.8916005280031516
1823,0.6999391050008745
1824,0.6780250178888516
1825,0.1944895129050471
1826,0.8207353116655551
1827,0.4022508084235398
1828,0.42358228792778463
1829,0.2583734342034236
1830,0.6288369220354948
1831,0.47956262968041347
1832,0.7353545127723032
1833,0.49743391290764005
1834,0.7094350405806858
1835,0.4994040879748274
1836,0.7804899575667194
1837,0.7279023471733862
1838,0.5239355557711863
1839,0.5936186913352534
1840,0.4599196443554868
1841,0.47316415360418634
1842,0.7738526682627138
1843,0.8418971334643496
1844,0.49043229976703795
1845,0.5698728401040423
1846,0.3641391000860153
1847,0.617233601002187
1848,0.4078425348925139
1849,0.46198696092893704
1850,0.7940682452026411
1851,0.4199589283695436
1852,0.4377690122733091
1853,0.6536077195918113
1854,0.9644994377735983
1855,0.7433813537665034
1856,0.6051107224709088
1857,0.5508924172456447
1858,0.8708792930218587
1859,0.6583763140976395
1860,0.6803019651328552
1861,0.4257636387157878
1862,0.5962563930292439
1863,0.5156877669071847
1864,0.4824373772682117
1865,0.7711840284844047
1866,0.5505588309094913
1867,0.3425389241960906
1868,0.5034234899652991
1869,0.599551746004413
1870,0.6745363752079605
1871,0.7820354696519476
1872,0.4949568179403472
1873,0.3423243132735763
1874,0.5019393858325074
1875,0.7631968488751566
1876,0.5091157352730513
1877,0.5857420671297443
1878,0.32320685930793935
1879,0.9017065656870488
1880,0.6109684086986972
1881,0.4004559650631303
1882,0.6244129620669677
1883,0.6414770021713264
1884,0.6048865538062883
1885,0.7578925347398527
1886,0.600239395275904
1887,0.5551055675859359
1888,0.1695970123984645
1889,0.46515814007820266
1890,0.5264648387093201
1891,0.5225641543934564
1892,0.6789919680031303
1893,0.3306443074600686
1894,0.4288861605017815
1895,0.7637837083879304
1896,0.6307429611787647
1897,0.3442348243510614
1898,0.6501348792702438
1899,0.9484181766863817
1900,0.5565481855510701
1901,0.735757123158819
1902,0.41804582829579967
1903,0.6978717201257045
1904,0.45254026885440235
1905,0.6661209240902435
1906,0.7414154041207649
1907,0.8417019212138473
1908,0.4105509463173372
1909,0.6844399844077906
1910,0.30774537963119175
1911,0.32408892032310405
1912,0.29609478096401814
1913,0.463485875706142
1914,0.6954505268170591
1915,0.7598220367674632
1916,0.4512264405276575
1917,0.2672354086744555
1918,0.3754618033744064
1919,0.6301029657941573
1920,0.542991573128057
1921,0.44731159934499803
1922,0.39089798884239846
1923,0.4775635681207721
1924,0.7006581311588603
1925,0.4472905508914942
1926,0.7548178189675916
1927,0.696501797516795
1928,0.2992323076378356
1929,0.35556347656452997
1930,0.3314047288495506
1931,0.5587351180273376
1932,0.5839323929530845
1933,0.44642759051115255
1934,0.21069105709565703
1935,0.37281187414576056
1936,0.6186826074461264
1937,0.7293167925212256
1938,0.4650434559746049
1939,0.6035554154389403
1940,0.6333618865893825
1941,0.5984688625309567
1942,0.27611504079753035
1943,0.8584004578348375
1944,0.5851612256328665
1945,0.6283845256345445
1946,0.8292113030016244
1947,0.13759759481829922
1948,0.7290085391363866
1949,0.3531770571631737
1950,0.5088099458264205
1951,0.4236513898608603
1952,0.48037476040713273
1953,0.7141302441744457
1954,0.7339135395504272
1955,0.5402295805366838
1956,0.45845561167431575
1957,0.8200133739737969
1958,0.31246493724358426
1959,0.6532774759163938
1960,0.44871921653665486
1961,0.6795930377721495
1962,0.4233410428335545
1963,0.5563053564482037
1964,0.6682833303114958
1965,0.45224214031486315
1966,0.5580155340694559
1967,0.4970834046312254
1968,0.5382011941278526
1969,0.7337214861760875
1970,0.5978909432349867
1971,0.43278941676533766
1972,0.2923157607748951
1973,0.28505539631355403
1974,0.5976231553746665
1975,0.49632207061255196
1976,0.7042237023117087
1977,0.5467297002958373
1978,0.43533878577874935
1979,0.23832023813125078
1980,0.6227287336971196
1981,0.6712329907797328
1982,0.3074385531523344
1983,0.23889692209470403
1984,0.440205776498525
1985,0.455196528035093
1986,0.45686518260397985
1987,0.3748784779636724
1988,0.2875174707162729
1989,0.6502205892720836
1990,0.4484485202126822
1991,0.4856421351330596
1992,0.5021233293605779
1993,0.48240855116776754
1994,0.8098095955291398
1995,0.6701044342484676
1996,0.4743919527200116
1997,0.1681918805823038
1998,0.628690352772649
1999,0.49599585684436837
2000,0.7836080721814317
2001,0.4930473903134097
2002,0.5605532139657434
2003,0.601677258804006
2004,0.3631608555710299
2005,0.591061539529388
2006,0.6522690858330275
2007,0.710232173335741
2008,0.5185465886379228
2009,0.5334778627632826
2010,0.6544811838300172
2011,0.5657162850453358
2012,0.881403990915159
2013,0.42068081280909125
2014,0.8199459086377052
2015,0.6813054101028373
2016,0.4557449366202006
2017,0.677026275939361
2018,0.5654670226518693
2019,0.4703630945690859
2020,0.727614919636202
2021,0.6051028795075656
2022,0.37594806225633826
2023,0.39250140642024306
2024,0.6634300619386644
2025,0.5807682694853955
2026,0.33888460572649126
2027,0.5290734303247939
2028,0.5506527570498271
2029,0.5061257827680281
2030,0.4836665015122093
2031,0.5637079639222797
2032,0.6219443664368394
2033,0.5516446920634439
2034,0.6728281447319955
2035,0.5675258495673233
2036,0.8524284186779584
2037,0.4427607451732863
2038,0.5393834065074954
2039,0.21162643272411696
2040,0.302055477450316
2041,0.49121767243062014
2042,0.735599468302563
2043,0.4189989648760706
2044,0.5254997764369522
2045,0.5735965766426129
2046,0.5802819230362901
2047,0.6123780319298338
2048,0.701086918356673
2049,0.23186448703229193
2050,0.48683672732447003
2051,0.756726580740442
2052,0.7571681354504636
2053,0.28989045306787914
2054,0.32818274157767174
2055,0.3182711932528759
2056,0.433050805081711
2057,0.5147484864771185
2058,0.38432721813424947
2059,0.4784425137167613
2060,0.599583625231952
2061,0.30977501381878236
2062,0.5732986854278704
2063,0.3684743140239594
2064,0.3634578855892762
2065,0.37316665622916967
2066,0.5076362851677768
2067,0.36719166844200396
2068,0.6963994886090905
2069,0.565786385116225
2070,0.46198271317646983
2071,0.3191898878863182
2072,0.5219565570532673
2073,0.3560189643673474
2074,0.4761071214518821
2075,0.622443685308343
2076,0.6942691374243135
2077,0.7219715264533668
2078,0.39980405732228513
2079,0.4203945264783049
2080,0.5400892915054973
2081,0.48986139159673103
2082,0.6796650159115631
2083,0.6529470273735539
2084,0.5975484080089974
2085,0.5428690476763008
2086,0.690188015702699
2087,0.464402518061572
2088,0.777019371429168
2089,0.4920083852414477
2090,0.6636565236486277
2091,0.6579073581220066
2092,0.7523598144259721
2093,0.443116399122682
2094,0.5946831678392456
2095,0.2755299023978936
2096,0.5578608114697915
2097,0.8050645912438638
2098,0.5713724758448934
2099,0.4446901212429212
2100,0.40025175838543764
2101,0.29516671680044937
2102,0.8755794400728566
2103,0.8299622990833905
2104,0.6637842411337362
2105,0.720653075311168
2106,0.22540503370217904
2107,0.11162372075630736
2108,0.7357654095527683
2109,0.767808254667292
2110,0.5946480702257001
2111,0.7142038398876651
2112,0.8517217541968242
2113,0.604290817436746
2114,0.48852920956145596
2115,0.853247782484746
2116,0.5834169562288475
2117,0.7775980612178306
2118,0.22564013118572995
2119,0.5782225689165582
2120,0.7191942337206408
2121,0.7081247539192479
2122,0.590362444353798
2123,0.5508645846726239
2124,0.30368024561955753
2125,0.2386746623695595
2126,0.6632131782830721
2127,0.33072537651695694
2128,0.6401608021326096
2129,0.9528011600109301
2130,0.6693687075389443
2131,0.6598275255995297
2132,0.7759294664440135
2133,0.2910665580466542
2134,0.7389100891482122
2135,0.5912218572654928
2136,0.2573390486739576
2137,0.6037922186912262
2138,0.6913614753772584
2139,0.6645395858292428
2140,0.49571720949374615
2141,0.6734047314589867
2142,0.5482213123220153
2143,0.36624110395616466
2144,0.5388061707645743
2145,0.27074258173749854
2146,0.4331818365897786
2147,0.458909775454227
2148,0.6194022457500642
2149,0.6782317147469307
2150,0.5828719057954801
2151,0.6848499176606211
2152,0.32663330837302096
2153,0.7935381136768024
2154,0.46763788569144504
2155,0.7918465947523955
2156,0.7885065317929814
2157,0.39105729022430885
2158,0.5547415305046544
2159,0.7083679046984539
2160,0.5461372411958195
2161,0.5755260969037482
2162,0.5296823408490392
2163,0.567225940011246
2164,0.46898932987231384
2165,0.5133309497442058
2166,0.6889798420325592
2167,0.7385806559788234
2168,0.7350508609444837
2169,0.3661799050189555
2170,0.5387178504984179
2171,0.472948234329996
2172,0.28845081964151087
2173,0.5715400616597167
2174,0.4259112733700646
2175,0.46102512463729906
2176,0.6242447913432125
2177,0.6457897237744379
2178,0.6060643344868801
2179,0.2582218406494599
2180,0.3992831201011503
2181,0.4531022070208381
2182,0.6044980172733179
2183,0.2630799650791737
2184,0.3965378613106166
2185,0.532414288962482
2186,0.780409062569255
2187,0.611915915879637
2188,0.625091895907419
2189,0.8380904317601972
2190,0.6881458712538796
2191,0.32669860168775283
2192,0.5050914073749951
2193,0.813014784139614
2194,0.8758141650896916
2195,0.4556843687399475
2196,0.8441557093873875
2197,0.7567425278037241
2198,0.3949637166738762
2199,0.5138488186746494
2200,0.6036380141653362
2201,0.5021431615488219
2202,0.7102898900364318
2203,0.4644777941067583
2204,0.5240756593079905
2205,0.742087440342267
2206,0.5222000580699668
2207,0.37645125237648175
2208,0.36856653033069076
2209,0.6746425549731675
2210,0.3764365918750325
2211,0.6401749677535331
2212,0.4492477253613595
2213,0.30329861406271497
2214,0.41842771875538437
2215,0.6689475368259743
2216,0.4432358645682399
2217,0.4295079369470043
2218,0.4148211319200575
2219,0.773728453884036
2220,0.5476228710044622
2221,0.6637312808857451
2222,0.80828346711072
2223,0.5718288521426035
2224,0.7230067015084297
2225,0.5871810024952723
2226,0.6785540190328431
2227,0.1802756545313284
2228,0.5227015567622612
2229,0.2862314658828246
2230,0.43483522382917783
2231,0.7069403026526153
2232,0.6793750745738201
2233,0.6972897051062896
2234,0.12987109869703078
2235,0.4228145932422292
2236,0.782104716796192
2237,0.5277323459992055
2238,0.8787946178550695
2239,0.45963494675560246
2240,0.6073121378619767
2241,0.859086170668322
2242,0.7868579796151285
2243,0.8154185500927291
2244,0.677500382898447
2245,0.7232349618293786
2246,0.3628519647691858
2247,0.3425975848587226
2248,0.45755605345622263
2249,0.5234438120219128
2250,0.754423884137004
2251,0.6700168510829633
2252,0.48923803133386307
2253,0.22915920388676536
2254,0.4278312594603382
2255,0.6457605686621215
2256,0.6889325098597435
2257,0.6272911112692836
2258,0.49766708176407465
2259,0.6313944342016812
2260,0.6502924889642272
2261,0.3498528849894381
2262,0.2347430391885626
2263,0.4122002426248251
2264,0.266868932898292
2265,0.5874214033572212
2266,0.7215334861119981
2267,0.5504328787035674
2268,0.5527527897360747
2269,0.35251889417692645
2270,0.1288764014100729
2271,0.23456533614915845
2272,0.6854550117582853
2273,0.2889389094072785
2274,0.15673862175246756
2275,0.6357560712571225
2276,0.7753941773924292
2277,0.345629386459065
2278,0.37235251170186434
2279,0.4867875618994882
2280,0.3163792649292825
2281,0.7887196742059619
2282,0.4628890781658241
2283,0.8655348767385953
2284,0.5050320189458615
2285,0.4906304309968201
2286,0.588671716767314
2287,0.7044880003962847
2288,0.9038977952561947
2289,0.7786555416425215
2290,0.5674007263152806
2291,0.55300261683563
2292,0.9513355223531949
2293,0.42867520881248666
2294,0.6070567172441976
2295,0.5740550901549718
2296,0.5960951864445498
2297,0.8370244623724371
2298,0.8277964429606303
2299,0.3609235382813636
2300,0.4889229647503853
2301,0.22413525186483374
2302,0.36277948919261804
2303,0.43868411216349257
2304,0.5445022707883916
2305,0.5841429190080146
2306,0.5708659436394502
2307,0.4487205908305884
2308,0.5727556789908566
2309,0.8252675060411852
2310,0.7453809167027815
2311,0.691660289528112
2312,0.43803498145200226
2313,0.3654506568221853
2314,0.6454539158744512
2315,0.5157210538177582
2316,0.4472520157053789
2317,0.36636525524594216
2318,0.5721678185899138
2319,0.5526763266620848
2320,0.4742951600958064
2321,0.34645436780029537
2322,0.7685059682756057
2323,0.4672703263208628
2324,0.33110202609124656
2325,0.4888777725670845
2326,0.19886189329949566
2327,0.8218730040082193
2328,0.6696437098853218
2329,0.6673020083993918
2330,0.6039025294543882
2331,0.6969392605914192
2332,0.514983770831273
2333,0.7013937712816862
2334,0.8793615271200562
2335,0.6755525783432055
2336,0.7856910889773246
2337,0.8896292896891741
2338,0.5029319028722515
2339,0.4129231334782794
2340,0.7417502321558344
2341,0.8463017859982388
2342,0.5715737853363176
2343,0.6228012461936319
2344,0.34592063711919807
2345,0.3052434551908833
2346,0.3577052247161253
2347,0.3605723643450923
2348,0.7477338515151096
2349,0.6650325710747271
2350,0.42388150752045634
2351,0.5194494770738184
2352,0.7429109767544824
2353,0.5792716127113466
2354,0.7153872000686975
2355,0.6448853834855628
2356,0.6156471709221276
2357,0.39177379490036063
2358,0.3688197389483553
2359,0.6358440743032271
2360,0.37667555512677864
2361,0.4154108528615278
2362,0.8944202516850525
2363,0.5414498056338553
2364,0.8108676310188789
2365,0.35356678642222034
2366,0.6803060842538253
2367,0.6130814662158729
2368,0.4157982086045899
2369,0.706702120121854
2370,0.582406712418166
2371,0.6035396650953057
2372,0.9417882327225726
2373,0.5233976874832783
2374,0.7181170521493059
2375,0.8113128292618996
2376,0.7013530290953947
2377,0.509309477365569
2378,0.5516525621644658
2379,0.6981554008114795
2380,0.3730483144386197
2381,0.3051914960321887
2382,0.8585179915103587
2383,0.4181739832443866
2384,0.33803533554800747
2385,0.5301096459114215
2386,0.6909543504436224
2387,0.6089475548498963
2388,0.6013447851927235
2389,0.6276795436510798
2390,0.6854344926875685
2391,0.5723338159973866
2392,0.5852689057235836
2393,0.25692836690101295
2394,0.30540035150518713
2395,0.527348680956345
2396,0.1143717804221196
2397,0.5430390078742968
2398,0.74212220821378
2399,0.38971878423914463
2400,0.35283722994550176
2401,0.5994052735247164
2402,0.6404854408837691
2403,0.5690885839954168
2404,0.6095081435989246
2405,0.44436991350183075
2406,0.5625100925641023
2407,0.833428864530133
2408,0.4791968262139184
2409,0.386922696807878
2410,0.5848807654663319
2411,0.6323269113422362
2412,0.3433325192013006
2413,0.5483794970778996
2414,0.7223744258091817
2415,0.2884930525704537
2416,0.6770262449087068
2417,0.617698323050661
2418,0.48376273422268845
2419,0.5141456833478709
2420,0.43180507406592705
2421,0.9313834617417561
2422,0.8902060167152152
2423,0.43835931622933605
2424,0.5523603785363767
2425,0.37117851535123564
2426,0.28992532612811767
2427,0.5599870647628146
2428,0.6945792285279272
2429,0.8373947062299559
2430,0.3832411841570198
2431,0.36502318310209464
2432,0.3889379835696816
2433,0.45672363011299544
2434,0.4704518035375871
2435,0.4381164268938718
2436,0.44066658566272565
2437,0.4469549120550258
2438,0.651478579846396
2439,0.6965796574198965
2440,0.6365971213159524
2441,0.43237029956467954
2442,0.5542747250330187
2443,0.8164487004410939
2444,0.4168078191335706
2445,0.48730573433503527
2446,0.2636371720538189
2447,0.6527502733766617
2448,0.9303878590973205
2449,0.3404700932270881
2450,0.5054622850811247
2451,0.7263952601253545
2452,0.3691896080728055
2453,0.5689155377237696
2454,0.3833951786396731
2455,0.3002456097806922
2456,0.34959614473904654
2457,0.7263527868221542
2458,0.29758102067316133
2459,0.2538708532149879
2460,0.649692589083796
2461,0.6048415750937856
2462,0.517876943787013
2463,0.2877076727516938
2464,0.27643016068778464
2465,0.7200317506414711
2466,0.6072161842759002
2467,0.5190471029299453
2468,0.2738805001080473
2469,0.32305950575785525
2470,0.2125068744200742
2471,0.5250598201155722
2472,0.7894722358995631
2473,0.8205293791740135
2474,0.48942470090580614
2475,0.39101551400811957
2476,0.48538686569864165
2477,0.8192264747936269
2478,0.37467460118376134
2479,0.5498661505011142
2480,0.2903265041071227
2481,0.6635554094363827
2482,0.36805596997589174
2483,0.41855926170508345
2484,0.5681828050561109
2485,0.7710732899204145
2486,0.6062260811845481
2487,0.5591576671058812
2488,0.6516559272205182
2489,0.7330702626707727
2490,0.5905624374287947
2491,0.40523963391701134
2492,0.7616596702823295
2493,0.3019530584424772
2494,0.35999732981294263
2495,0.33635477935940655
2496,0.5865220691816302
2497,0.5524559666568339
2498,0.7458107942168448
2499,0.8071967394729995
2500,0.7174588721892066
2501,0.8432667022720512
2502,0.6931484230644109
2503,0.5108486149291188
2504,0.27445781108059975
2505,0.3204175255576691
2506,0.6017616253845778
2507,0.4874830330217444
2508,0.7216094087977085
2509,0.38467832884710385
2510,0.2879688894438595
2511,0.3639639780427379
2512,0.4285294117266404
2513,0.4178637871032842
2514,0.4737004659471702
2515,0.5727080391859408
2516,0.7036210127653381
2517,0.47833144511522224
2518,0.41217513677568596
2519,0.7323048616243536
2520,0.5803134402591793
2521,0.9548996856359342
2522,0.2940759282529665
2523,0.347810587176285
2524,0.7932017229189909
2525,0.4203487665680503
2526,0.588420236922233
2527,0.8548058009149363
2528,0.28698331843229097
2529,0.5679724503665168
2530,0.25614168939366455
2531,0.8660907430541948
2532,0.4741896509260774
2533,0.7291269002884627
2534,0.5201241527627986
2535,0.7512696324757646
2536,0.507763619861349
2537,0.8940322254878523
2538,0.4159059749847968
2539,0.5669662049753188
2540,0.5655949896223593
2541,0.5762353647668242
2542,0.28406935241597964
2543,0.5224809999134271
2544,0.2296730897456945
2545,0.7542108437743615
2546,0.6721706951370026
2547,0.46515844215166613
2548,0.5089608818870692
2549,0.48923917718423615
2550,0.47863011080214535
2551,0.37947924035634584
2552,0.6840201101846143
2553,0.36249185133698303
2554,0.8050302179884001
2555,0.2720801129675876
2556,0.4010682665798143
2557,0.7082996554846883
2558,0.7086782696876204
2559,0.2889775896902209
2560,0.736414729686033
2561,0.3488090006642799
2562,0.436792749336422
2563,0.4645948345241268
2564,0.4149774223511215
2565,0.9289706460798008
2566,0.22314214770320925
2567,0.3705550123618714
2568,0.22588659263850813
2569,0.8074599994689259
2570,0.7774270463243954
2571,0.31661700143981725
2572,0.4081399684236977
2573,0.7500353704021965
2574,0.5567097359047407
2575,0.5034340031127816
2576,0.49731654975855066
2577,0.6509421279554798
2578,0.7300909026414486
2579,0.5579245766151045
2580,0.5002593658180711
2581,0.6414793950912656
2582,0.7956343370870974
2583,0.4412157741089835
2584,0.6291343418604686
2585,0.4942593148413023
2586,0.46715929320114546
2587,0.5068750998263243
2588,0.27156098177341575
2589,0.3356367482976485
2590,0.4586275862627831
2591,0.6468502209234852
2592,0.5848140277394633
2593,0.6952646584031946
2594,0.45446997435478137
2595,0.7249730724980452
2596,0.49323427111977003
2597,0.4776149945427076
2598,0.7153649780566267
2599,0.6241932951961292
2600,0.8327866040298946
2601,0.8278405946223385
2602,0.2820266266491588
2603,0.3310770977648613
2604,0.459074347749189
2605,0.6538179152207657
2606,0.673239528368202
2607,0.5937115067296254
2608,0.8064605937677042
2609,0.6340886947880551
2610,0.7648409186932053
2611,0.26694647762812024
2612,0.5278755371206857
2613,0.49492866441560124
2614,0.4629084587054095
2615,0.846133357813671
2616,0.7197181351241668
2617,0.40756577627639506
2618,0.627416061853461
2619,0.5761015689578025
2620,0.6749156018466627
2621,0.32292038772635157
2622,0.6187854604975951
2623,0.3945200902332052
2624,0.4599351022550374
2625,0.20987789796153913
2626,0.5157205404003392
2627,0.6981715270855233
2628,0.598240748844645
2629,0.7319512158837186
2630,0.42472882071349416
2631,0.5159304918806203
2632,0.7775524979842344
2633,0.38852536716972913
2634,0.8714932391120176
2635,0.642428091658969
2636,0.34896610716013715
2637,0.7279654660659717
2638,0.734712413568035
2639,0.7554829179531458
2640,0.23498306582669387
2641,0.3181635314455152
2642,0.3596491265721035
2643,0.4732948741856974
2644,0.7602232578875701
2645,0.36185932604816673
2646,0.37301353250840674
2647,0.23810994769584137
2648,0.6747062662389213
2649,0.5698857012210264
2650,0.7523886496498774
2651,0.3290425376411336
2652,0.7350912448477281
2653,0.6474312150425594
2654,0.5956256804994017
2655,0.6860938964325894
2656,0.3908214057717936
2657,0.5275443680431097
2658,0.6047778127798081
2659,0.41740948064034733
2660,0.2852940522468447
2661,0.7397785575961807
2662,0.5609903702790965
2663,0.42981720828810116
2664,0.28549000265037305
2665,0.5559625571944304
2666,0.7444377457164635
2667,0.5821479286993448
2668,0.7193132489134997
2669,0.4460580532945196
2670,0.5950349309371908
2671,0.4577982886095144
2672,0.7316781985317493
2673,0.9507567816240894
2674,0.6957635135329726
2675,0.5933674028229928
2676,0.5942591362037226
2677,0.29645949192576804
2678,0.22828088330941895
2679,0.6572699262302952
2680,0.6000074354348062
2681,0.5325405438133736
2682,0.5805914428911831
2683,0.3889313222139857
2684,0.4578680698460328
2685,0.7731557513614796
2686,0.6115100126261436
2687,0.5712220320574904
2688,0.3271933092679989
2689,0.7205642946350794
2690,0.3856363672554553
2691,0.44053441242537356
2692,0.7880512165620145
2693,0.5719007046602625
2694,0.49805868472978815
2695,0.2386701868270774
2696,0.3974044159354381
2697,0.5755308267071394
2698,0.40485075501285284
2699,0.3938812882348892
2700,0.6266836142638538
2701,0.41000438128949107
2702,0.438559758941401
2703,0.7405780500340141
2704,0.46524934305203913
2705,0.4939653797667322
2706,0.6287221719803527
2707,0.5760251959089081
2708,0.4957019961909502
2709,0.3959429349378175
2710,0.599481588793615
2711,0.6770782093449382
2712,0.2854631252540578
2713,0.8049385752374585
2714,0.3969292240021944
2715,0.6546372201510431
2716,0.7713569953415156
2717,0.38441325029931606
2718,0.5479587497323991
2719,0.7339471242217375
2720,0.38563695056916436
2721,0.6711748789320904
2722,0.3645720619990749
2723,0.24748647095199752
2724,0.46834636607418545
2725,0.713338858474588
2726,0.6362007462481412
2727,0.4295907812135616
2728,0.39671131628209094
2729,0.7770547108774978
2730,0.711850769410595
2731,0.7664443358948434
2732,0.5735215396512544
2733,0.512569910278889
2734,0.4729908526269305
2735,0.708295304239241
2736,0.6414992168022902
2737,0.19018782588461863
2738,0.6906208987705217
2739,0.7945145749172877
2740,0.5148150110731327
2741,0.738494318642633
2742,0.6855050325329249
2743,0.44528828787077857
2744,0.745706766559655
2745,0.7209924326261962
2746,0.3959064863706867
2747,0.610542232377127
2748,0.6211962861908433
2749,0.8403239779417473
2750,0.5033844789209955
2751,0.7040093007340911
2752,0.4773633867028863
2753,0.4218595375036087
2754,0.38230322505328324
2755,0.6884946607151994
2756,0.39472133208101723
2757,0.39501005920547616
2758,0.44969857190469514
2759,0.3593053547166934
2760,0.548121986597114
2761,0.31326061103233155
2762,0.7323015584661384
2763,0.910284080366581
2764,0.5872848160121547
2765,0.6953521541312143
2766,0.7184591427060831
2767,0.6773604461928908
2768,0.34471325451731
2769,0.3380463328976517
2770,0.8122843204261552
2771,0.2992382352893814
2772,0.38861583367865954
2773,0.22610312165502927
2774,0.8018801805569898
2775,0.3820080798281118
2776,0.4165142233476348
2777,0.6858620372368872
2778,0.38157684669683134
2779,0.8892354083045299
2780,0.22386483893301298
2781,0.5849017704827102
2782,0.7810132209138113
2783,0.6337926088497531
2784,0.7000918492310247
2785,0.7906647015535365
2786,0.6553596849046703
2787,0.5115302694375569
2788,0.32837566499313636
2789,0.5126834573026354
2790,0.6258073087713854
2791,0.6542207677684235
2792,0.38664204090990034
2793,0.7511246082250437
2794,0.7186924787256405
2795,0.7481962940667356
2796,0.5483839730590468
2797,0.32830929278543414
2798,0.17437133559114154
2799,0.7166331300950063
2800,0.6088999012696207
2801,0.6325965810408831
2802,0.8499577827503186
2803,0.7657655795868814
2804,0.2694386583941854
2805,0.3452227556628344
2806,0.38782675001382677
2807,0.6457898984404252
2808,0.5128367873279202
2809,0.5292626158132167
2810,0.4303082953390221
2811,0.24019287732709313
2812,0.6015553924308831
2813,0.9634615365041779
2814,0.8315160377202535
2815,0.6660872781626737
2816,0.4634595859814447
2817,0.2535629639149051
2818,0.40317255612126146
2819,0.7642184486257817
2820,0.5724060995845134
2821,0.7940110079494673
2822,0.6309416110218438
2823,0.5178260521046198
2824,0.6461392200354732
2825,0.7061808013438311
2826,0.3363939892931871
2827,0.4836504976322727
2828,0.4302301429557945
2829,0.6502196142947483
2830,0.7084964819251822
2831,0.49722458777881823
2832,0.6330749319944938
2833,0.7694691250519236
2834,0.7097577439688404
2835,0.7313516595396581
2836,0.8061610634140058
2837,0.49623279154443833
2838,0.47320404414261275
2839,0.4497129089428114
2840,0.39519272447316783
2841,0.6596099657203939
2842,0.3343129317822565
2843,0.41119688321057696
2844,0.8782421538200871
2845,0.6983374444608478
2846,0.36283766703034676
2847,0.47365879475564726
2848,0.3716046806439685
2849,0.3927236933072311
2850,0.6392898821899385
2851,0.7684123344820584
2852,0.6138698026488103
2853,0.5695130079801497
2854,0.3612596042914619
2855,0.46129368290967265
2856,0.7669490154798799
2857,0.720498735740486
2858,0.5193900998465576
2859,0.8555915816085718
2860,0.4145075143380872
2861,0.5256421876345739
2862,0.36028152702187977
2863,0.31472296092213303
2864,0.574082629686861
2865,0.9457123825423044
2866,0.3081801470844193
2867,0.5131086326241057
2868,0.5411857886022303
2869,0.6369719728430693
2870,0.5181537005955228
2871,0.3360005405883355
2872,0.66745362154679
2873,0.5210055096210223
2874,0.24349028528482936
2875,0.6075414843614667
2876,0.37921495327304117
2877,0.5928055493084846
2878,0.5747665247019342
2879,0.392715701212551
2880,0.3271494203512431
2881,0.5623912898932968
2882,0.8243914118613416
2883,0.4901636638002683
2884,0.6884317535854781
2885,0.6544988913217004
2886,0.43942678526164985
2887,0.6852149448639343
2888,0.5249279370303536
2889,0.7112127774199282
2890,0.7763439699126975
2891,0.6642794269441489
2892,0.3969367400193112
2893,0.7439523888663446
2894,0.5183728813100097
2895,0.38294337991648186
2896,0.6985423553145931
2897,0.6781535675497563
2898,0.57822611936594
2899,0.540488943024686
2900,0.9350976734795852
2901,0.29904969767402023
2902,0.2612838079532083
2903,0.6232653470688705
2904,0.5375162105241436
2905,0.3696204854780038
2906,0.35775436495022517
2907,0.2778644099418495
2908,0.6453604940155628
2909,0.7496994401089817
2910,0.5831272042097182
2911,0.6384290730470874
2912,0.6689628470622798
2913,0.7706022419799026
2914,0.8978809847556924
2915,0.48625225196752864
2916,0.2076046469808241
2917,0.3679430108759096
2918,0.9385695750217562
2919,0.8517087162788337
2920,0.5568407966661064
2921,0.3503251800909501
2922,0.1800719435607735
2923,0.7790122458547396
2924,0.43396649279045274
2925,0.40776545736368525
2926,0.5641930733539599
2927,0.5799777668143264
2928,0.6130774514779906
2929,0.281638659612638
2930,0.8666471129689921
2931,0.9410456808370062
2932,0.40561746277642874
2933,0.603132044723238
2934,0.3664172150173307
2935,0.5929964200948048
2936,0.621741047701105
2937,0.4376559244718709
2938,0.44237908209309845
2939,0.8117273863730906
2940,0.37753237939535655
2941,0.49997342642395465
2942,0.23753504311390264
2943,0.4254260915933181
2944,0.7482375744787486
2945,0.44847956662697064
2946,0.7411599646732743
2947,0.5303774258261135
2948,0.2965407543045088
2949,0.18840874756809595
2950,0.4307073155836659
2951,0.24927954039921632
2952,0.6018754780338182
2953,0.49905239519882827
2954,0.6699509767019024
2955,0.7443716697886927
2956,0.5962719216291058
2957,0.29458312592112806
2958,0.4696076371741576
2959,0.4466627649169542
2960,0.5493943299518327
2961,0.5299314744041675
2962,0.5319217296239888
2963,0.40162372013101194
2964,0.47852337486801144
2965,0.5605186430950153
2966,0.8955511773899837
2967,0.4500101721760834
2968,0.6345480335719682
2969,0.6282411110531522
2970,0.8282242148320819
2971,0.4475152504260729
2972,0.6726652021251096
2973,0.1873289096634896
2974,0.6542223392569021
2975,0.608574064034741
2976,0.24275749074301325
2977,0.5449060109428817
2978,0.6421410721221209
2979,0.9061156374503414
2980,0.684507702926268
2981,0.49771174114584243
2982,0.5277807514460444
2983,0.7674920833637501
2984,0.16840648858173718
2985,0.4867289622576617
2986,0.28632358229280025
2987,0.30436900528863886
2988,0.4056039856196963
2989,0.877694513791262
2990,0.5913978396394842
2991,0.7527447181833051
2992,0.5950189593026852
2993,0.5013132891437702
2994,0.6721971456437791
2995,0.6377526700084097
2996,0.6797561744116182
2997,0.3462837425863135
2998,0.48143587779653424
2999,0.8219841087603078
3000,0.7290936041379547
3001,0.27823541450974887
3002,0.7010770015413484
3003,0.7311525768562788
3004,0.40549376766068096
3005,0.42233262274684147
3006,0.7657720421999075
3007,0.7389635620842107
3008,0.6770963597677826
3009,0.408723405203461
3010,0.15174831795844795
3011,0.21235289929706788
3012,0.6484886517673915
3013,0.7718508815795356
3014,0.46381757222194914
3015,0.8206080643301996
3016,0.8584792726385106
3017,0.2806989820340771
3018,0.5646933066805981
3019,0.7282633898418821
3020,0.43914805626297376
3021,0.5745563467114914
3022,0.5222069031769601
3023,0.4871176560514459
3024,0.472004938683196
3025,0.48284081576845683
3026,0.6151934578868277
3027,0.4050011945343985
3028,0.5833972563698339
3029,0.2899137329435399
3030,0.5885667163245588
3031,0.800272939899083
3032,0.593880716154796
3033,0.2862176000805659
3034,0.904801722555931
3035,0.4989120400088605
3036,0.9040079524011851
3037,0.5289408211196489
3038,0.6698487932366602
3039,0.38592162116939804
3040,0.23873622445234133
3041,0.47567393057580754
3042,0.8518283268963915
3043,0.7833948070821607
3044,0.35470627518355474
3045,0.306652426746786
3046,0.7714532086646546
3047,0.6280701983928295
3048,0.4667325546424322
3049,0.7422231771105836
3050,0.7053785998853939
3051,0.7394164634970088
3052,0.5454604241014539
3053,0.5975093347657774
3054,0.6581921981176196
3055,0.7538361030576111
3056,0.3883241487987216
3057,0.78361585037302
3058,0.4702731662816259
3059,0.5357995542587727
3060,0.8217262780817259
3061,0.4692617200976782
3062,0.44701300145485523
3063,0.4860692425690555
3064,0.5292358214188969
3065,0.5874366995643349
3066,0.6181931205771262
3067,0.6316010995820786
3068,0.5112603151187184
3069,0.43664732604948886
3070,0.5542044557671797
3071,0.5280616686858506
3072,0.9267572284344837
3073,0.18353351310132113
3074,0.8578084465309712
3075,0.6815907783478987
3076,0.33760068541623706
3077,0.39151743327705557
3078,0.4972221813455531
3079,0.4271915723145991
3080,0.31555455757261297
3081,0.42607987770053035
3082,0.6557035895419634
3083,0.37352491658176096
3084,0.17364638443785493
3085,0.5955635564538169
3086,0.2091654859388945
3087,0.24882449126917688
3088,0.7800671782142394
3089,0.7785135774856253
3090,0.7076639519170363
3091,0.6244945502875199
3092,0.43084157354498676
3093,0.32326094754402834
3094,0.201697932332882
3095,0.5694678297282165
3096,0.8768900246578113
3097,0.623901364587803
3098,0.51880563645546
3099,0.6133421744770057
3100,0.6539428321547118
3101,0.4638237324924134
3102,0.7002758429496267
3103,0.8430352794408811
3104,0.5140293792065076
3105,0.3785841193952877
3106,0.6690675888120831
3107,0.4861958767044161
3108,0.8146279903831659
3109,0.33427684793350404
3110,0.4753059287324629
3111,0.5822102834017786
3112,0.5524093340228343
3113,0.4045544400994862
3114,0.6208112565138183
3115,0.25865167580697296
3116,0.4648448719198097
3117,0.4299187892690908
3118,0.6127796395172082
3119,0.6855161800942763
3120,0.37001840167939143
3121,0.41528817840060644
3122,0.5717091084273206
3123,0.4152164844066926
3124,0.7275589217747153
3125,0.6090939030036435
3126,0.2885035101012649
3127,0.5796717776533621
3128,0.751284933598937
3129,0.563686196573507
3130,0.6368839594976476
3131,0.3914284083516405
3132,0.2939935746431017
3133,0.5712185262403761
3134,0.5744405211642686
3135,0.45528980238388794
3136,0.5126704140740164
3137,0.6986374729132124
3138,0.8326603627461754
3139,0.605587326656187
3140,0.7342230135220087
3141,0.36459198629391765
3142,0.4008300450994454
3143,0.35022191013077775
3144,0.6557359689699519
3145,0.4570401851837885
3146,0.7609027767029861
3147,0.4571431950460754
3148,0.8089613133810708
3149,0.4166885328925804
3150,0.8542806137376777
3151,0.48959217300833896
3152,0.225916779196193
3153,0.41523275779711083
3154,0.42219693728272756
3155,0.31040818380410884
3156,0.47782692236232877
3157,0.3789601677041283
3158,0.7196970284102625
3159,0.5048244537486691
3160,0.44652572961714526
3161,0.5683606646392608
3162,0.7156533640633702
3163,0.8932355399756613
3164,0.2139730952298676
3165,0.7798850718429343
3166,0.3769821507571294
3167,0.37739935557942933
3168,0.5569008636143543
3169,0.8018645892541526
3170,0.6122210562353239
3171,0.562720739013014
3172,0.6291802997764533
3173,0.31307121149024486
3174,0.8442457709536274
3175,0.2002422937914499
3176,0.3833019515494009
3177,0.7933403979466137
3178,0.26698630552463676
3179,0.565943957746757
3180,0.2796816534107578
3181,0.6233290577231925
3182,0.8537933311086372
3183,0.7408059232919033
3184,0.8911994613547156
3185,0.736627325657491
3186,0.41558505834773235
3187,0.4195825832054866
3188,0.8291533835258728
3189,0.4228550535655328
3190,0.611526847736121
3191,0.3129535263482667
3192,0.262801369877208
3193,0.44613711459860056
3194,0.5385255972150372
3195,0.4229076242998387
3196,0.5631862823730017
3197,0.6484401091241276
3198,0.3573431607615549
3199,0.5195560971519084
3200,0.6830470828337423
3201,0.4577741763439554
3202,0.6518068850259428
3203,0.6139512878040165
3204,0.48232963402327056
3205,0.6819932569742936
3206,0.686363194933667
3207,0.5537483931459344
3208,0.21583467835402007
3209,0.5392406903584923
3210,0.140553271211507
3211,0.5734106291857637
3212,0.2779408139629114
3213,0.5329439508793553
3214,0.725834792071466
3215,0.375179809414017
3216,0.6252232342264806
3217,0.6447376471301604
3218,0.8796374044965508
3219,0.4975429262129004
3220,0.7814604938508158
3221,0.5004988929739923
3222,0.6905242698130343
3223,0.436064189156678
3224,0.2769353604088769
3225,0.725662004197098
3226,0.6437680758047265
3227,0.6422089617328995
3228,0.16658374010460028
3229,0.5504058512129655
3230,0.747817796280169
3231,0.8718233080971357
3232,0.5418914345469023
3233,0.32987786826223603
3234,0.585793636688206
3235,0.4443007346379536
3236,0.9331557635969383
3237,0.6852033489674613
3238,0.1740698165934274
3239,0.5468987068467751
3240,0.3827744676703266
3241,0.49841499236888026
3242,0.5784130265921573
3243,0.7003227190475251
3244,0.28843203215252733
3245,0.6445911119542165
3246,0.7599535720687695
3247,0.7939556080692284
3248,0.3218774286101861
3249,0.37097663609013115
3250,0.5498021286569217
3251,0.8399537034241694
3252,0.6099143617223421
3253,0.5368192664816908
3254,0.6788520777491143
3255,0.3089626222405849
3256,0.4024226013302384
3257,0.2594103023400168
3258,0.5784192113490555
3259,0.3072489123048084
3260,0.7946729220031407
3261,0.713834774787847
3262,0.341708578067297
3263,0.7392604895415337
3264,0.7051338302704095
3265,0.9408727503597272
3266,0.6016220071096241
3267,0.7940383055416536
3268,0.6845149557777683
3269,0.4414817852417832
3270,0.7289441230154186
3271,0.6679093335437272
3272,0.4373663621981564
3273,0.4893569885551882
3274,0.567058148342972
3275,0.6353638762818073
3276,0.6105301771881769
3277,0.44267397944932024
3278,0.3407142624293196
3279,0.3166957021191621
3280,0.7462600581535596
3281,0.5295009916686276
3282,0.25436619259571835
3283,0.40395636561024256
3284,0.548938642616243
3285,0.7924395424442855
3286,0.7274304225351247
3287,0.5673934461099134
3288,0.4329311843137737
3289,0.5046924749977394
3290,0.3638335360758109
3291,0.5745893286075455
3292,0.6537005727332537
3293,0.5034170200545605
3294,0.27347340629344086
3295,0.32830243752602245
3296,0.42665724902826124
3297,0.5217531589777431
3298,0.5686788260227301
3299,0.5166515718540338
3300,0.6731982780545903
3301,0.5204640950266941
3302,0.2986700967589174
3303,0.1976727011754258
3304,0.6582547805089589
3305,0.42552193612213624
3306,0.6865324579394163
3307,0.307348474259523
3308,0.3257857076480709
3309,0.3538550295752779
3310,0.49080048888026195
3311,0.6093244343230544
3312,0.6961843942137793
3313,0.5774592043951414
3314,0.4134437051856681
3315,0.30197719668276435
3316,0.4651060347101765
3317,0.6607462790911254
3318,0.7511660293238197
3319,0.2679595335530851
3320,0.22067893794167373
3321,0.7564005071513198
3322,0.3353510857444197
3323,0.2954633661684811
3324,0.3465868035595856
3325,0.8812753558890923
3326,0.38821522328690955
3327,0.49232719876673
3328,0.1627123406422461
3329,0.5673866159151502
3330,0.9801233413548831
3331,0.44081317550893256
3332,0.5086980637770341
3333,0.6007886585104448
3334,0.34016419811766924
3335,0.3485124338690481
3336,0.8310118884148714
3337,0.49737673306442454
3338,0.43178267116140545
3339,0.4214460748585906
3340,0.37985066504407583
3341,0.660873763050717
3342,0.6810674008909521
3343,0.7226094565033672
3344,0.25585000121267737
3345,0.449463485936278
3346,0.5699778722052563
3347,0.4196186129506839
3348,0.18886686969304636
3349,0.3035988312033964
3350,0.5509882447478286
3351,0.6204393958689685
3352,0.3426666289276868
3353,0.4421790873893854
3354,0.256718285732038
3355,0.29915999008184047
3356,0.1380428768458538
3357,0.40044646212259605
3358,0.5740503497961431
3359,0.6610482751413954
3360,0.5719100416444546
3361,0.5165300836998101
3362,0.4106219828420068
3363,0.6227211688305224
3364,0.8359608141317281
3365,0.5005168628685772
3366,0.5989668990760982
3367,0.8179895026316616
3368,0.39421436948308364
3369,0.9222957063831908
3370,0.45717586211849176
3371,0.38555306787059496
3372,0.19303484456402395
3373,0.74669435856986
3374,0.8174536949532513
3375,0.7255781749905333
3376,0.6411768512486365
3377,0.5377915535457551
3378,0.8345021283463602
3379,0.9258445661423613
3380,0.5583244589280678
3381,0.2500321917227526
3382,0.3084748435981622
3383,0.5197538497842066
3384,0.3259626386093231
3385,0.3892666402895569
3386,0.5582005823248364
3387,0.5865401346992276
3388,0.4218068532171649
3389,0.8378701738449927
3390,0.6025665255484467
3391,0.4105767194522128
3392,0.4030521477084106
3393,0.29068573552863586
3394,0.4909955325444394
3395,0.7321637363956173
3396,0.5007002072371398
3397,0.26629493384612307
3398,0.4131729253906185
3399,0.7235103199900996
3400,0.3305712612737186
3401,0.8714548201972913
3402,0.6727578439634062
3403,0.5585665492012026
3404,0.4418666422116773
3405,0.4874315497087294
3406,0.7090838254510279
3407,0.6408697066726503
3408,0.6001921648386149
3409,0.4595131140052222
3410,0.5507994951071294
3411,0.713717865691788
3412,0.49444407458831735
3413,0.5412806391137561
3414,0.5032432503648485
3415,0.5250104211468128
3416,0.8999501139415208
3417,0.6470774863371627
3418,0.28576796217831235
3419,0.4348923960560034
3420,0.6797285713812543
3421,0.6978783686691035
3422,0.9200378129542081
3423,0.783175473058702
3424,0.5617278765131901
3425,0.563735189221901
3426,0.4437804958200701
3427,0.6058217042325377
3428,0.6673996372472263
3429,0.6642075785349035
3430,0.46372498646552723
3431,0.49709122924390875
3432,0.5308295980747747
3433,0.1531706148382068
3434,0.704781039027944
3435,0.42377057243854804
3436,0.4995947923084787
3437,0.5875199187270391
3438,0.433963904135444
3439,0.5136713351824641
3440,0.22629017602618912
3441,0.5272411702672773
3442,0.4623846122717843
3443,0.34813926342728635
3444,0.6645237411502164
3445,0.4572206078534862
3446,0.4917728252246998
3447,0.5546460191559303
3448,0.5940621700298038
3449,0.7613928764603279
3450,0.5207772232715765
3451,0.673969162565841
3452,0.49523465210003165
3453,0.5384168945965683
3454,0.5855739672434291
3455,0.2440716106237941
3456,0.807785963862945
3457,0.6505444603139692
3458,0.285443902268861
3459,0.49818066088596785
3460,0.43815923730560014
3461,0.7356574523702131
3462,0.7707827982496891
3463,0.2998202723881585
3464,0.4161047239127942
3465,0.6008667655714978
3466,0.5528448082443634
3467,0.5402993227188959
3468,0.46891537084315243
3469,0.40020115548892704
3470,0.6733142305178582
3471,0.6936398025065087
3472,0.40054480969189776
3473,0.16410062046605675
3474,0.23603081129441328
3475,0.7959991785443786
3476,0.7221103215059423
3477,0.3989043213175315
3478,0.707262054402221
3479,0.4086690582715496
3480,0.398097169422836
3481,0.20014341289751506
3482,0.6970544555061087
3483,0.5696556434080992
3484,0.253430737855501
3485,0.6159439316686969
3486,0.48986035737633804
3487,0.18321164814411053
3488,0.5919909198789381
3489,0.8338418443672804
3490,0.4408605518057686
3491,0.43209581626110294
3492,0.34008782242164615
3493,0.6322770341484667
3494,0.7221903968146285
3495,0.6504321412725396
3496,0.3634682468288201
3497,0.41997626852785613
3498,0.6399498609004068
3499,0.3971592469447631
3500,0.8528988452242452
3501,0.6140377349147993
3502,0.7537967474020704
3503,0.2434772144595272
3504,0.34985120301615213
3505,0.76380343006499
3506,0.13563179428611155
3507,0.5981255302894294
3508,0.6837701900999195
3509,0.523892641095712
3510,0.667619384530766
3511,0.6422034360257695
3512,0.31976513207440216
3513,0.664002606306294
3514,0.4897292598015067
3515,0.38218947307244083
3516,0.47701898727904285
3517,0.49447748199209074
3518,0.17172232103139384
3519,0.5698266247416064
3520,0.5185778486732384
3521,0.6361559859696104
3522,0.48833644138558907
3523,0.32901345627339246
3524,0.7337215590643099
3525,0.4072106578276638
3526,0.6140062338935341
3527,0.4107557776310464
3528,0.5081385522575199
3529,0.4662777189746564
3530,0.8001006729114195
3531,0.8496025049702718
3532,0.2398107724823589
3533,0.3724299043644825
3534,0.5357311604430818
3535,0.5106759369095349
3536,0.8474648044513646
3537,0.6261871207379319
3538,0.29355876697624417
3539,0.6301684456138897
3540,0.45373971123343465
3541,0.4276417263690809
3542,0.687294932431962
3543,0.4181084948521864
3544,0.5964227238600069
3545,0.318619583751283
3546,0.4890049755624306
3547,0.7300191799174478
3548,0.5713748854385711
3549,0.8227654436207481
3550,0.40609190581452626
3551,0.5141045564924149
3552,0.8085757543827324
3553,0.43162964555464056
3554,0.4016744166637788
3555,0.6629555013802833
3556,0.7154658691946829
3557,0.6736283598680188
3558,0.6271208993352885
3559,0.46890880650888367
3560,0.5274849628957574
3561,0.5715228146166659
3562,0.9421752350340353
3563,0.43049592496788863
3564,0.6154228966214733
3565,0.7164969300455412
3566,0.4837305512451921
3567,0.3642157667110174
3568,0.6689630380760859
3569,0.7687767085870613
3570,0.41604865357192045
3571,0.614816055280625
3572,0.28931701141705973
3573,0.6556334656803876
3574,0.5414382126958054
3575,0.3164700769772841
3576,0.3467305202306748
3577,0.5136927684798116
3578,0.49170754052895077
3579,0.8274092956757542
3580,0.7288063275797932
3581,0.3186660283692492
3582,0.28320253226262326
3583,0.55544241446734
3584,0.5827952120035921
3585,0.7101338777538385
3586,0.9203656225592441
3587,0.2892211529569849
3588,0.8496008996416176
3589,0.6605555902589718
3590,0.5746697913025982
3591,0.4257358169160017
3592,0.27207279355254527
3593,0.49797904844892027
3594,0.3989140048378143
3595,0.5366165270556682
3596,0.545504782597994
3597,0.5306252781500744
3598,0.6166900653247103
3599,0.6087700634112823
3600,0.28072648191671135
3601,0.4099340066188736
3602,0.33463658678067604
3603,0.6707036094172645
3604,0.7267190618663601
3605,0.7303032319723787
3606,0.4332355469588348
3607,0.6648673005894467
3608,0.7778243221498204
3609,0.2537542679195599
3610,0.3634992298017258
3611,0.4716663569109912
3612,0.8015553956791371
3613,0.6070058975081591
3614,0.6911139683252269
3615,0.2523789701727562
3616,0.4467352455456663
3617,0.6868514351776752
3618,0.7643249686604824
3619,0.3491351322262648
3620,0.8700568366612995
3621,0.7496490386699775
3622,0.5771814287105596
3623,0.2930981980519452
3624,0.8181681396021864
3625,0.47773639548326247
3626,0.28164689365447376
3627,0.0974013413086578
3628,0.8402202002103413
3629,0.10731654086703024
3630,0.12872178638031667
3631,0.35028087820755816
3632,0.45726809405358476
3633,0.34772094713406954
3634,0.32886930114397417
3635,0.513330860388933
3636,0.8226745075741203
3637,0.9193199889410298
3638,0.5323668591528198
3639,0.4670535482842497
3640,0.45223211790422946
3641,0.36465315585842273
3642,0.7288865565141617
3643,0.3866073022706198
3644,0.44939568229970195
3645,0.47994487427650984
3646,0.9407499972610016
3647,0.716291588807658
3648,0.7119264302036811
3649,0.3608891367319575
3650,0.4495642540893576
3651,0.5448349900631468
3652,0.42962817165983413
3653,0.3724944998357794
3654,0.5325062430050435
3655,0.6156460081405529
3656,0.5015762804167889
3657,0.6591904725385807
3658,0.6643116173068719
3659,0.5287325042876624
3660,0.5562518790267745
3661,0.34882489957233315
3662,0.7220454030222856
3663,0.38230299310728505
3664,0.6767786945368126
3665,0.70319041658203
3666,0.6844401072245351
3667,0.5919410095972422
3668,0.1861512341706461
3669,0.46446467218345905
3670,0.6942939061653861
3671,0.44739828404407816
3672,0.8530345853494303
3673,0.43232998433264863
3674,0.40273806327479705
3675,0.5761243134208149
3676,0.4351125570779178
3677,0.17046746019236633
3678,0.4734219932006318
3679,0.3640098677135003
3680,0.640525840122046
3681,0.3606117998136081
3682,0.5536985149368309
3683,0.7777427996275497
3684,0.723711434935872
3685,0.12339336046255649
3686,0.752340668565392
3687,0.3081349935543758
3688,0.35605454164196054
3689,0.3455124854731123
3690,0.4667060977963137
3691,0.448522136732407
3692,0.6562870881801233
3693,0.43593101778542687
3694,0.7300823581371999
3695,0.6727914875507365
3696,0.47081778078042236
3697,0.676243605772465
3698,0.7057476780983136
3699,0.48351733352835186
3700,0.6915242802183297
3701,0.5995414396949561
3702,0.29656793050146674
3703,0.8244595200294765
3704,0.6025943835804979
3705,0.6436639384433127
3706,0.41435145300981646
3707,0.4955676146779006
3708,0.6576864339009746
3709,0.25247844851552337
3710,0.45841404472205
3711,0.3550080546293652
3712,0.6411054317157432
3713,0.5949091754175733
3714,0.8438777490912187
3715,0.5526863407772952
3716,0.7468611495288909
3717,0.5678735685918723
3718,0.8499136657073602
3719,0.8445089426147449
3720,0.3640917700254189
3721,0.28029788738792116
3722,0.23263830853891068
3723,0.3615215112003316
3724,0.14188320434880725
3725,0.46305081487125643
3726,0.34617891514223
3727,0.15833141585742824
3728,0.3245858386337804
3729,0.3936699596719776
3730,0.6994597822933191
3731,0.4842070488952617
3732,0.3839674252387641
3733,0.5767504544347538
3734,0.7324862481476773
3735,0.37581087454883844
3736,0.32743465447283326
3737,0.8389838741641392
3738,0.38100741115139075
3739,0.25488389888748275
3740,0.5352104708186768
3741,0.6083720472990238
3742,0.4932839628070651
3743,0.6496651101422803
3744,0.80678728046005
3745,0.5302510352249021
3746,0.5347542370338022
3747,0.8863206420292926
3748,0.3589483991161645
3749,0.47253347740772766
3750,0.4362722475034041
3751,0.561917599879124
3752,0.9074147663074738
3753,0.8289726838591676
3754,0.8502507731170557
3755,0.5156599676879939
3756,0.6075085791614793
3757,0.5995358315505065
3758,0.4282106219060826
3759,0.5704435158578195
3760,0.7142509422919318
3761,0.3172385494704439
3762,0.9001985875247475
3763,0.5085341993851952
3764,0.7565521923591393
3765,0.46733288571678394
3766,0.6030107501718199
3767,0.6636348700796245
3768,0.638527004549573
3769,0.4605431867267714
3770,0.2989608996039442
3771,0.2544126767639286
3772,0.4574600875493819
3773,0.649692300823862
3774,0.31495925604238995
3775,0.4144114854407047
3776,0.5315692809253701
3777,0.4247010391758318
3778,0.41211427450706734
3779,0.6792888004459808
3780,0.3779499587685484
3781,0.40109427369344725
3782,0.4920878123952748
3783,0.4840583794659915
3784,0.2504238161247581
3785,0.4415812968928968
3786,0.8201320270803228
3787,0.5223362216469678
3788,0.5454532779388824
3789,0.5886806974423467
3790,0.5323238640358265
3791,0.37909364865597045
3792,0.272891518326461
3793,0.33676780506562404
3794,0.783316668121675
3795,0.43441700962093294
3796,0.380757119134406
3797,0.8049577463036389
3798,0.4146501872581542
